Size(in sq),Location,NumRooms,Price
2947.6,Rural,6,211683.14691713
2788.2,Urban,5,689951.049911979
681.8,Rural,2,608125.910074932
3092.4,Rural,7,255773.531658531
2984.3,Suburban,7,698248.040726407
3888.0,Suburban,7,54500.32401926
3857.5,Rural,2,657254.921926672
1852.0,Urban,2,87006.9347483766
3795.6,Suburban,5,726026.354652407
959.6,Urban,1,223638.081831656
3780.2,Rural,1,415599.342885769
3261.4,Urban,5,113241.345749167
3921.7,Suburban,6,107116.419355891
2081.2,Urban,2,306020.164351817
3488.0,Urban,1,119984.375946878
1703.7,Rural,5,413038.726434861
3917.2,Urban,2,375708.763194639
2147.9,Suburban,4,121175.428759737
2808.0,Rural,2,577912.08770598
920.8,Rural,1,173194.346631682
3068.9,Suburban,7,103214.902514115
3390.0,Urban,4,284914.11231689
1441.7,Suburban,5,329097.666628376
931.9,Urban,1,106442.79573369
508.8,Urban,3,205324.34957129
2842.2,Urban,6,392333.597255015
3979.6,Urban,5,524087.258891546
2056.1,Urban,6,171917.659753614
3222.0,Urban,1,657066.802258758
1432.4,Urban,7,111463.352968838
1163.0,Suburban,5,607896.498095355
1653.9,Urban,1,281711.785838831
2755.3,Rural,2,614326.038097747
1017.3,Suburban,6,330848.387262257
1596.5,Suburban,1,559935.268372803
1588.8,Suburban,2,634826.628257923
2347.0,Urban,4,446104.00165046
3076.3,Rural,4,552066.98090513
1639.8,Urban,3,691290.646182768
1466.5,Urban,4,665036.729409229
3129.8,Rural,2,569964.143642255
3777.4,Rural,6,637578.623349841
3651.4,Suburban,3,170553.269525549
3111.1,Suburban,7,478093.239319225
2283.4,Urban,7,210758.446334204
2629.4,Urban,2,311730.13346867
2609.0,Suburban,7,286569.662777095
3754.0,Rural,1,458031.066134479
2759.3,Suburban,4,226277.344174641
1868.8,Urban,6,196864.900202671
1290.2,Suburban,6,388164.654954802
2689.2,Suburban,2,533162.529315112
2282.4,Urban,3,230730.826297246
2594.3,Urban,7,242669.801916062
3285.3,Rural,6,174265.885174291
2193.0,Suburban,1,559324.717339854
3540.9,Urban,5,638030.743451259
749.7,Urban,6,491174.559397562
1837.9,Urban,5,136514.081342906
2928.2,Urban,2,545291.978318707
2699.6,Suburban,3,719896.000500172
1135.0,Rural,5,568598.54413174
1121.4,Urban,2,719068.540960516
3965.8,Rural,3,165674.126505798
1567.7,Rural,7,704459.72950212
2324.3,Rural,3,92955.6062050196
1072.6,Suburban,7,151271.646052417
1532.1,Urban,1,670659.889560349
2082.9,Suburban,1,315437.704050878
3896.0,Suburban,1,483986.864007556
3434.4,Urban,5,619306.44022949
1747.6,Urban,7,431192.786554327
1742.6,Urban,7,609688.997504106
2210.7,Urban,1,217509.22568284
1058.8,Suburban,5,214214.093500897
2742.5,Urban,7,126084.385662836
1529.1,Rural,3,344557.219115424
998.8,Urban,7,719590.687889704
1782.8,Urban,1,682049.391927
3626.3,Suburban,5,92788.3468471089
3843.2,Rural,3,218464.302532111
3606.2,Suburban,3,390448.915984289
2198.8,Rural,2,576854.097944071
2172.0,Urban,3,73167.6720051939
1340.5,Suburban,6,658894.019611173
2599.3,Suburban,2,594434.816653194
1204.5,Suburban,6,160480.582386836
1208.3,Rural,3,677173.354005692
1427.9,Rural,3,293318.949709962
764.8,Urban,2,495877.454662524
830.8,Urban,6,665746.9640331
3898.3,Suburban,4,217538.920469186
2214.9,Suburban,6,568883.987910506
3892.1,Rural,2,81353.4674678833
3186.7,Rural,1,602292.923096154
3693.8,Suburban,2,384293.753894305
622.5,Suburban,3,445170.802298174
1963.3,Suburban,3,460876.284638025
2732.0,Rural,3,112096.264069876
3313.1,Urban,6,133976.730067178
3282.2,Urban,2,334077.482277153
3900.0,Urban,6,638530.420468311
3848.2,Rural,4,418237.742185358
1920.9,Rural,5,445875.75077639
3573.0,Suburban,4,315869.649495343
660.1,Suburban,5,345020.438354561
2709.3,Urban,7,727980.190657913
2879.7,Suburban,1,700477.858709809
1387.8,Urban,6,234015.077829289
2415.8,Suburban,7,320730.507970189
1530.9,Suburban,7,344636.092234646
3006.1,Suburban,2,545066.850718522
1800.2,Rural,4,291085.376425608
2378.2,Rural,7,407499.931838091
2511.1,Rural,1,111324.421037651
971.6,Rural,3,206526.034155936
1029.2,Suburban,4,359744.425090279
1453.6,Urban,1,274278.90565845
640.1,Rural,5,576215.812009404
2908.4,Urban,5,737044.757767033
1537.0,Urban,2,618902.113630095
2361.7,Suburban,2,237381.507211004
920.8,Rural,5,568015.764452191
1744.7,Rural,4,596238.252089139
3938.0,Rural,4,90059.5998473714
3457.7,Rural,2,332886.531775974
1459.2,Urban,1,212282.810051589
1562.9,Urban,6,526711.40977528
3580.8,Rural,6,67489.9750561528
1905.7,Urban,7,86096.3067042413
1860.1,Urban,2,311102.706547873
1775.6,Rural,1,399827.477341947
3154.7,Suburban,6,117685.952005219
1654.6,Rural,4,210633.934853422
1083.8,Urban,5,712515.626902099
2902.1,Rural,1,108082.722042392
2753.6,Suburban,5,60377.5181873677
2938.0,Suburban,3,125454.066412292
3821.7,Urban,4,60902.4866924791
2041.4,Rural,6,260956.544987635
2247.0,Urban,6,573986.411142826
3704.8,Rural,7,659314.586330554
1379.8,Rural,2,204143.729534463
742.8,Rural,5,515274.740699867
565.7,Suburban,7,402199.248081155
3988.6,Suburban,6,425938.590767453
3053.4,Urban,1,588012.388903673
2731.6,Urban,5,172120.623011086
2487.7,Rural,6,93075.497737795
2141.0,Suburban,7,708024.933984061
2967.4,Suburban,6,411026.51651895
1455.3,Urban,5,162087.99753217
1480.3,Urban,1,50879.6165640683
2666.3,Urban,7,127756.234686173
3660.7,Suburban,1,55977.6405964794
2194.3,Rural,6,586333.976185901
1000.7,Rural,1,115523.156272289
3895.3,Suburban,7,616557.729715873
601.4,Rural,3,438519.706258077
2788.6,Rural,2,501579.785958018
2924.5,Urban,4,289422.359265585
1008.3,Suburban,3,130576.860862842
2233.8,Rural,3,715803.619356916
1247.5,Suburban,6,296099.880785107
3375.1,Suburban,1,693194.107414016
3694.8,Rural,7,218479.153061374
3403.6,Suburban,2,124251.721513127
1276.7,Urban,7,369124.544419713
1778.6,Urban,2,731620.778530889
1740.7,Urban,2,127236.684131019
2015.5,Suburban,4,199645.515324608
1629.9,Rural,3,210567.049020614
1678.0,Rural,6,611326.695902212
1695.3,Rural,6,716213.02928981
2229.9,Suburban,7,601623.214245874
1158.7,Suburban,4,367250.830210867
2808.7,Suburban,1,552700.502968776
2344.6,Rural,5,295182.257809346
2031.9,Suburban,3,409737.523983119
1595.2,Urban,7,422884.609865344
649.8,Urban,7,106056.668340857
3503.4,Rural,1,458098.769557068
1800.2,Suburban,1,440258.178074671
3309.9,Urban,5,164423.736237529
2193.0,Urban,4,526543.083210078
2061.7,Urban,2,158342.773441808
1654.3,Suburban,3,266123.56108972
732.1,Suburban,7,721976.205503353
1239.8,Rural,7,186775.196467479
1069.1,Urban,2,142872.167001967
2176.9,Suburban,2,505340.433275253
1450.3,Rural,7,509689.978010158
2716.0,Urban,2,52967.8809293337
728.7,Urban,2,542921.790291007
2387.4,Urban,4,679847.28627404
2483.1,Urban,6,558714.538596459
823.7,Urban,5,329125.408308169
2497.3,Suburban,6,531231.52488757
3925.6,Rural,6,437854.748441857
1788.3,Suburban,3,506361.570052707
3526.5,Suburban,4,430800.085025411
2467.3,Urban,2,102197.704267857
575.0,Rural,6,158637.820836688
1500.5,Suburban,6,385293.639706536
3531.2,Urban,5,544624.212651313
3380.4,Suburban,4,156270.960462187
2841.3,Suburban,4,153613.045680011
966.1,Rural,4,448484.635124525
2786.2,Rural,4,558587.947538197
3190.4,Suburban,1,271448.225087632
1657.6,Urban,3,547553.904712748
2904.4,Urban,7,521800.602054558
500.2,Suburban,2,680065.230014445
1882.8,Urban,2,288299.119509832
868.1,Urban,4,475048.768201143
3283.9,Rural,6,50621.6743233067
1844.1,Rural,3,330036.468528774
1664.5,Suburban,3,232458.197259677
3146.1,Rural,7,383478.193948991
3850.0,Rural,5,166451.622681662
2846.2,Urban,5,137158.020882958
1212.6,Urban,1,156050.565003082
619.2,Urban,1,517115.63864231
598.9,Suburban,3,191615.924015624
2159.1,Urban,6,230270.930196272
1428.0,Suburban,7,534316.663111602
3694.3,Suburban,3,625552.314073798
2431.5,Suburban,1,162424.302165115
1839.7,Rural,1,538384.618753631
2416.6,Rural,7,61535.6537666031
2595.0,Rural,5,125132.600023045
3121.0,Urban,5,678058.67054637
1365.0,Rural,2,143391.317882235
3070.6,Urban,3,745298.247200305
2509.4,Suburban,2,741450.68506919
648.5,Suburban,3,68406.265464181
867.2,Urban,1,601885.38150802
2387.9,Suburban,2,606987.524469066
2513.7,Suburban,3,747817.376838893
847.8,Rural,2,584802.41219983
675.1,Suburban,3,426750.611914159
2131.6,Suburban,6,454878.889817325
2525.9,Suburban,7,501317.226377187
911.0,Suburban,3,663739.985599542
3921.9,Rural,7,582650.055973959
2434.4,Suburban,6,349316.962689972
3695.4,Rural,2,119055.782806653
3015.9,Urban,7,519506.936316519
3315.2,Rural,7,294647.709132356
1498.5,Rural,7,226627.7523994
2268.2,Rural,7,557475.257914926
1266.7,Rural,2,522766.366601696
993.5,Urban,1,127766.465442533
3273.0,Suburban,7,658201.990331221
2399.4,Rural,3,299044.539920316
2054.0,Urban,6,386067.760400298
2373.5,Urban,5,478086.952189025
827.3,Suburban,6,230691.723884631
1139.2,Urban,5,127787.744523401
639.1,Suburban,1,716598.020319362
2377.2,Suburban,1,730009.42386156
1378.8,Rural,7,570138.103851427
1701.7,Urban,2,742296.322853531
2362.7,Suburban,3,563026.655579996
3969.4,Urban,7,505404.712141863
1183.1,Suburban,5,342581.516779498
3605.6,Urban,2,152077.566598143
3015.9,Suburban,3,318049.506929148
1108.5,Suburban,2,395016.372986114
3798.0,Rural,4,603046.149339445
2956.4,Urban,6,714812.909517869
1848.9,Urban,2,310812.75300609
936.3,Suburban,4,97598.8418210275
3421.3,Suburban,3,716741.004343051
579.0,Urban,5,227937.385076244
3648.6,Urban,7,142840.130384373
3284.7,Suburban,4,60253.5922759938
1334.1,Urban,1,491595.29616021
1981.9,Rural,4,371960.505330416
718.1,Suburban,4,229211.599500704
2878.2,Rural,7,491442.665326373
1917.8,Rural,1,451218.81537486
904.6,Urban,6,337143.056754255
3577.4,Urban,4,78289.1367691942
584.0,Suburban,2,209166.967408627
1451.2,Suburban,3,353686.220631284
2587.5,Urban,6,93855.2749871357
691.2,Suburban,5,710520.740639101
3245.9,Urban,5,215895.737485752
2507.9,Rural,7,396679.91889233
666.0,Rural,7,290693.41447509
2622.3,Urban,1,741794.060872701
3900.9,Urban,1,521286.292644202
1803.0,Rural,2,510739.321395635
2551.6,Urban,3,316003.223922786
2082.9,Rural,2,349841.009498363
2661.4,Suburban,4,155862.74848095
2065.5,Urban,1,62798.572205073
3363.2,Urban,2,648830.236064913
2203.8,Rural,6,607523.032480194
1126.8,Urban,2,238868.647241192
3037.6,Rural,6,131653.323526503
647.0,Rural,3,526833.838205705
2995.3,Urban,7,298438.828567775
3310.0,Rural,6,171524.352799357
3289.3,Rural,2,248213.223480403
1803.0,Rural,1,603425.4413738
1234.2,Urban,1,437912.850465474
1818.8,Urban,2,655980.06173254
3689.0,Urban,2,571783.175372142
1605.6,Rural,2,207037.874136348
2742.8,Suburban,4,344655.160025878
1776.4,Suburban,1,79296.0134073809
1430.1,Urban,1,623463.570090824
3322.0,Rural,7,247446.673147382
3408.0,Urban,1,580676.549848508
3628.6,Rural,2,413640.412069907
1337.2,Suburban,6,308761.443514851
2912.8,Rural,1,495534.333741378
1058.1,Suburban,1,77378.3192014107
2698.2,Urban,1,161990.220591376
2647.2,Urban,1,413542.104166302
2642.2,Suburban,3,328088.079014942
2097.5,Rural,2,505519.561911442
628.3,Rural,2,470228.871954951
3094.5,Rural,5,73610.2267192334
2697.0,Urban,4,379666.59842527
2176.6,Suburban,1,301921.860092332
1878.4,Suburban,5,193452.853295036
3318.1,Urban,4,538015.747786745
882.5,Suburban,1,379016.481034449
3151.5,Urban,4,357800.733355627
1602.3,Urban,1,420011.498917584
1782.9,Suburban,4,136076.774260468
2908.0,Suburban,7,587114.887663853
3064.3,Urban,1,621157.304558078
2305.4,Suburban,5,480418.622443266
1203.3,Suburban,5,192205.786040647
2115.8,Urban,1,633440.106690079
3182.1,Suburban,1,460649.487029068
2453.6,Rural,7,416215.82721446
3528.6,Suburban,6,165244.316391743
2834.2,Suburban,3,316854.740078256
616.9,Rural,6,501884.652094142
1533.1,Urban,1,297631.610619052
3170.7,Urban,7,692995.051972346
2480.8,Suburban,2,195452.638268931
3719.7,Suburban,2,95664.2190458514
3982.4,Suburban,3,560322.096797522
2080.5,Urban,2,320669.258956373
1718.2,Rural,5,202500.959033262
3113.2,Rural,7,292518.613999566
650.2,Suburban,3,473747.009370915
2348.2,Urban,2,575609.232124824
2568.0,Suburban,1,732300.487559207
846.2,Urban,1,170702.682873541
3898.4,Suburban,2,627028.957745972
721.8,Urban,7,510015.163982358
3027.0,Suburban,7,395426.138919992
3053.0,Urban,5,525415.363135689
534.9,Suburban,7,342276.200724064
1714.2,Suburban,4,195976.706732754
924.6,Suburban,3,93215.7291678179
1487.5,Rural,5,200171.334624908
2701.5,Urban,4,697227.479837537
3688.7,Rural,7,124092.459147783
2007.4,Urban,5,362354.934307815
1207.5,Urban,1,519720.116087316
3531.1,Urban,7,61635.8297517711
3932.6,Suburban,4,446437.709465884
2472.9,Rural,2,146863.377050314
1803.0,Urban,1,182965.856279097
1648.3,Rural,7,75401.5760434332
2572.3,Rural,2,176630.706270032
746.6,Suburban,7,354508.805815949
1910.9,Urban,2,649816.261678935
2283.3,Rural,3,337516.378905545
1295.3,Suburban,6,261630.253798949
1054.0,Urban,4,669159.604375587
1421.4,Rural,6,368601.318704951
3232.0,Urban,1,559699.499423195
747.3,Suburban,6,585658.930391066
3744.9,Urban,1,587910.790265442
1584.7,Urban,5,683899.448340898
2958.4,Urban,1,643379.496515234
2182.2,Rural,4,506787.104582724
3458.8,Rural,7,736843.342582177
2341.3,Rural,4,297553.754796563
1682.8,Rural,4,655562.864305457
2776.9,Suburban,1,550205.105380394
2210.3,Rural,6,514611.776379857
2759.1,Rural,2,74585.3280061088
748.3,Urban,6,395786.614375497
3507.1,Urban,5,166648.430814258
2559.5,Rural,4,452538.105999819
615.0,Rural,3,82950.2577595151
1283.4,Suburban,7,548976.291580888
1921.5,Rural,7,416755.203580197
1603.7,Suburban,2,413992.299832119
504.3,Suburban,2,733876.708073762
3995.5,Rural,4,388920.994857918
2897.1,Urban,6,510901.270562531
2222.2,Suburban,3,705748.077660773
3284.6,Urban,3,733918.065919806
1012.7,Suburban,6,239595.243190438
3181.4,Suburban,5,642370.473604532
2049.5,Urban,5,559572.115770599
2074.5,Urban,2,107909.7318939
563.4,Suburban,2,375218.125589636
1265.9,Suburban,6,419500.54564428
3017.9,Suburban,6,543664.960531736
2365.7,Urban,4,227791.463415761
2675.5,Urban,3,372054.212287657
2684.9,Urban,1,94464.6705364016
2972.9,Rural,3,91969.6045844549
1438.8,Suburban,6,223213.138896753
1790.5,Urban,3,275467.069606961
2872.2,Urban,2,276345.007179269
2168.4,Urban,1,221858.085370076
3031.0,Rural,7,113264.725689759
584.4,Rural,5,715393.564809579
3765.6,Suburban,2,507254.379688488
1400.9,Urban,5,180694.981226852
3627.7,Rural,3,250813.664152332
3848.9,Urban,7,282537.377721237
1968.9,Rural,6,372367.177206441
3837.7,Urban,1,54664.741101666
1216.4,Rural,3,710199.659051498
3788.3,Rural,5,273166.694559291
1805.3,Urban,5,75932.1472742948
829.7,Suburban,2,256725.130239935
1583.7,Suburban,6,520489.070427119
1593.0,Suburban,1,108134.774736158
2311.0,Suburban,1,270497.776343342
1033.3,Rural,6,677507.424496761
609.3,Suburban,7,429630.021984191
1653.6,Urban,6,621536.07359037
1924.9,Suburban,4,573221.925776146
2046.7,Urban,5,668335.378581112
1977.6,Urban,6,560925.500678028
2992.6,Suburban,6,466598.031115269
3101.2,Rural,6,309004.276327699
3969.4,Suburban,1,279914.557103912
958.4,Suburban,7,181560.539537802
2031.7,Suburban,4,619463.159816774
1280.8,Suburban,3,163925.283491382
700.5,Rural,4,283705.150276179
1380.6,Urban,3,326189.960022416
857.9,Suburban,5,724795.381640183
2486.3,Rural,3,343442.109343166
1447.4,Urban,7,574786.059999877
543.7,Suburban,3,174205.963317436
732.5,Urban,5,592367.128520731
1450.1,Rural,2,691480.478058666
3280.0,Suburban,7,363413.119647983
3326.6,Rural,1,468310.862197398
1262.0,Urban,2,377717.55850727
3330.6,Rural,4,454844.20175512
2162.2,Urban,1,657297.796192841
3085.6,Suburban,6,468294.349540395
2422.1,Suburban,4,153858.359648263
2955.1,Suburban,5,562999.166864601
1462.7,Rural,5,177452.156433676
3785.3,Rural,3,109305.841714251
2664.3,Suburban,7,222159.452802904
511.2,Rural,6,182240.691834282
2257.8,Rural,7,205297.985298204
3073.1,Suburban,5,525913.547351932
3368.6,Urban,2,619910.438033182
2364.1,Urban,6,208438.98333828
623.8,Urban,3,665714.129720688
3064.8,Rural,1,391733.235475854
2036.4,Suburban,5,306461.896893417
1647.6,Urban,7,53560.2082151973
1454.1,Rural,7,507565.769463252
3521.3,Urban,7,722908.158514671
1324.8,Rural,1,95908.3562012989
3740.2,Urban,5,463064.707979594
3989.3,Suburban,2,116279.63864548
3222.8,Rural,7,62151.4415773501
3699.6,Urban,4,604071.393607384
3993.1,Urban,1,511755.694461344
3431.0,Suburban,2,479562.486716067
752.4,Rural,3,707947.957764976
2064.2,Suburban,5,665721.367480264
1262.3,Suburban,6,242683.3804749
2602.6,Rural,6,154212.370517789
1815.3,Urban,6,666515.341251482
1042.2,Rural,3,447041.076380192
1840.8,Suburban,2,382488.141270051
2068.8,Rural,1,727597.613362611
2220.1,Suburban,3,189418.081726734
3955.5,Urban,3,700661.008139669
2789.6,Rural,6,427243.960948905
931.5,Rural,3,703251.572399878
2034.0,Urban,6,292542.549509237
536.1,Rural,5,464011.780115912
2191.0,Suburban,2,702119.878684526
1031.8,Suburban,2,513509.754069378
639.0,Suburban,4,218551.099096906
1842.0,Urban,1,75721.8430034151
3194.9,Rural,6,733365.59340821
1880.2,Rural,7,702527.54368596
2183.0,Urban,1,518961.37517104
1337.6,Rural,4,221916.067588163
1639.3,Rural,2,478579.126203232
3172.3,Urban,5,401597.071511037
3304.4,Urban,4,74565.2526362434
595.8,Urban,6,526832.089364384
2044.5,Rural,5,144496.196516724
2561.8,Urban,6,730768.128484709
1304.4,Urban,4,560722.822058948
2685.5,Suburban,3,438060.381264466
1972.4,Rural,5,163590.826754101
982.8,Suburban,2,211453.520574252
1706.6,Urban,4,365670.515724501
3778.7,Urban,3,528927.531754456
666.1,Rural,3,145354.517985305
633.8,Urban,7,389549.986129788
1916.3,Rural,4,382193.48795809
1494.7,Rural,2,494865.078931798
1846.2,Rural,7,715901.829854774
3679.5,Rural,4,264433.165430486
2810.7,Urban,1,664115.084050373
3812.7,Suburban,1,596412.742654721
1106.2,Suburban,4,425575.919592537
3582.8,Rural,1,576220.328963233
845.3,Suburban,1,115106.26913751
3694.0,Rural,5,326815.447561626
2807.9,Suburban,5,665068.15244665
1437.3,Urban,1,184271.146687461
3816.8,Rural,1,247738.311623727
571.4,Rural,7,628980.674017635
1958.7,Rural,3,663420.745934756
3536.5,Urban,2,514801.418849916
2503.6,Rural,5,702758.663108492
1502.0,Urban,3,304251.971201053
3043.6,Rural,1,64297.4726543621
1758.4,Urban,7,552757.488323901
2505.2,Rural,1,361717.213891999
1059.0,Suburban,2,388172.46571275
3391.8,Urban,1,492113.652941359
2161.4,Suburban,6,206002.846409417
2163.2,Urban,4,172625.447693044
2743.9,Rural,4,366791.907258436
1390.9,Urban,4,472243.496931778
2285.1,Suburban,7,302575.031975538
2870.0,Rural,1,281410.549964837
1655.7,Rural,4,488428.016345812
1287.4,Urban,1,526331.475770647
2550.6,Urban,1,635270.791452217
3931.3,Urban,4,85591.295002121
986.7,Urban,3,585382.028437704
2262.5,Rural,5,630490.051365705
1709.6,Urban,5,158290.198827074
1173.2,Suburban,6,577635.77255895
3696.8,Rural,6,702120.222231015
2120.6,Suburban,4,54166.898095332
3930.0,Urban,1,78329.5349611321
2353.6,Suburban,5,681907.799262485
2526.4,Rural,6,730065.394552473
1701.0,Urban,6,619867.912892278
868.7,Suburban,5,285239.797230262
2168.6,Urban,4,215141.861123201
589.0,Rural,2,341253.824285812
3781.1,Rural,5,604491.750327298
2011.3,Urban,3,635958.380094477
1066.0,Rural,3,625204.35082539
1353.1,Urban,5,663000.10114319
3974.3,Rural,1,353671.843336448
3018.4,Rural,6,673555.3462551
602.7,Rural,2,722355.957730601
3775.4,Urban,4,325813.107253648
1002.3,Rural,6,174179.607322299
1735.2,Suburban,4,311335.863416977
759.8,Urban,5,56456.1287037043
2366.3,Rural,3,451184.546306444
1804.0,Urban,6,359958.755689546
1451.9,Urban,2,236847.55270074
841.0,Rural,6,575037.413042064
3591.0,Rural,1,158504.480869263
2808.5,Suburban,5,726815.476176538
802.0,Suburban,6,719957.348142552
984.8,Suburban,4,641711.109821772
2943.4,Urban,2,423155.767565146
3472.4,Urban,4,140013.26259686
1538.3,Rural,6,494331.195269781
1658.1,Urban,3,199891.46973904
3597.4,Urban,3,458427.096008995
3192.7,Suburban,1,247627.85456721
1461.3,Urban,4,184698.682193872
2098.7,Suburban,3,448264.530944118
2516.8,Urban,6,505064.352959378
2344.7,Rural,3,462581.077997268
1618.1,Suburban,4,697052.685397363
2421.9,Urban,3,128550.040263608
3102.4,Urban,7,386586.113174667
712.9,Rural,4,556068.308776165
1567.4,Urban,6,404491.020166902
1019.1,Urban,4,574091.033299849
3834.5,Urban,3,379908.506296911
3592.4,Urban,2,440066.931256086
1994.6,Rural,1,627001.505069755
551.8,Urban,3,219083.285550746
1776.7,Urban,1,183676.87134631
1283.3,Urban,1,384052.02093631
1881.1,Rural,2,535373.954445082
2321.9,Rural,1,237218.101492054
3063.0,Suburban,5,642368.682824903
606.0,Suburban,5,224812.862364457
1418.3,Suburban,7,223495.056183053
625.6,Suburban,6,242978.243876972
3515.6,Urban,2,267009.087092822
3943.2,Suburban,6,716428.778644069
3536.5,Urban,4,640318.76626608
2011.8,Suburban,3,62235.2068423373
948.3,Rural,6,56350.4772497992
1325.5,Urban,6,550356.249884556
1583.7,Urban,1,172627.38865434
2937.7,Urban,5,669063.634497015
558.4,Suburban,5,57307.3056342375
919.0,Suburban,6,165149.029611037
2720.9,Urban,7,710471.204668212
2899.0,Suburban,5,471019.428377022
2084.8,Rural,1,512172.755518537
1929.3,Urban,1,302991.456714768
2087.1,Urban,3,59968.7889646806
1972.6,Suburban,5,249008.331891896
1954.6,Urban,1,84642.6747410919
1878.4,Suburban,1,502204.902641831
3474.9,Rural,3,517232.791652325
2569.3,Rural,1,223599.14017061
925.7,Urban,4,572184.693008084
2549.5,Urban,5,215071.128079767
1345.4,Suburban,4,412445.090121966
967.5,Rural,4,720714.176836387
3636.2,Suburban,3,496807.484053427
2451.9,Urban,2,534408.952560055
1144.0,Suburban,6,200411.16498813
2221.3,Rural,3,343986.177268334
2503.7,Rural,5,278737.34639917
3917.2,Rural,3,303920.136086169
1879.9,Rural,5,406430.020868961
2477.6,Urban,5,716006.242962721
1279.4,Rural,3,241535.734913052
1551.3,Suburban,3,91506.8296983041
2731.4,Urban,3,603633.359302682
1105.9,Rural,1,595659.106318317
1638.0,Rural,4,716615.465978277
3748.9,Rural,4,163121.495779296
2229.8,Rural,4,293099.698854961
1836.2,Rural,6,748895.846071254
2191.7,Urban,5,746433.619788437
3988.5,Suburban,5,672675.176819779
1297.6,Suburban,3,401305.221289545
2298.9,Suburban,1,165010.930940375
807.1,Suburban,3,719826.700913581
1399.7,Urban,7,485269.391897688
3905.1,Urban,4,610072.623698019
2720.6,Rural,4,219864.003544584
1294.4,Urban,6,412632.664841753
1708.2,Urban,3,333834.433453596
1112.0,Rural,4,505506.697598795
3693.3,Suburban,6,144275.574171246
1444.9,Urban,1,573503.849467705
2819.9,Urban,7,154237.384712398
3108.2,Rural,4,229194.142111494
3098.3,Suburban,1,541772.316749727
1925.6,Suburban,1,724749.06944408
1137.7,Rural,5,357812.226211815
1105.2,Suburban,3,264393.338795569
3256.7,Urban,7,548700.193284019
1646.5,Urban,4,119690.546965324
3748.6,Suburban,1,282558.893264521
988.2,Rural,5,674976.206320382
1828.8,Rural,7,74096.8753671572
1147.3,Rural,4,423907.595412258
3018.7,Rural,7,390945.715715952
3702.1,Rural,6,547703.724025611
950.2,Urban,6,427396.45360537
1180.0,Rural,3,177151.608420459
3552.3,Rural,3,376990.175654998
1263.7,Suburban,4,623450.884068476
3809.2,Rural,6,263191.978742291
832.9,Suburban,6,498614.10110355
2504.2,Urban,4,405662.572099277
3139.6,Rural,6,680882.426976147
3066.8,Rural,5,518592.752180164
2757.5,Suburban,6,591807.009720229
2690.6,Suburban,2,683622.426088683
3939.8,Urban,6,461632.290650044
2473.0,Suburban,4,623176.462411635
761.8,Rural,4,537661.174304433
3754.7,Rural,3,622125.878044444
1816.3,Rural,7,178860.573234472
2560.8,Urban,3,472645.955025455
554.4,Suburban,5,179662.995406029
1213.5,Urban,7,360579.181707232
898.3,Suburban,4,648402.266087917
3822.3,Rural,1,309054.717287008
579.0,Urban,1,62213.6237387584
1040.9,Rural,6,85489.6738773976
759.1,Urban,7,721483.009732942
1341.3,Suburban,7,396999.706595884
3320.6,Rural,1,94138.2503545399
3139.9,Urban,1,287670.550526647
3739.0,Rural,6,251713.155947863
1167.2,Urban,7,696782.541337131
661.8,Rural,1,302502.405633695
2998.3,Urban,3,463434.345310292
2123.8,Suburban,1,167097.387217973
3619.5,Suburban,1,508385.466970879
1649.3,Suburban,4,589456.486520688
1944.4,Urban,1,486003.812517229
3252.7,Rural,7,736851.00548863
2237.1,Suburban,7,150583.945831269
3222.6,Urban,5,255261.267575138
3342.3,Suburban,4,241800.921810258
2445.3,Rural,2,377180.883740767
2303.7,Rural,1,286334.771702208
1632.0,Urban,6,252288.405678382
3683.8,Suburban,5,674425.137077619
2060.2,Suburban,2,456457.822604769
1038.8,Suburban,4,297176.038842349
1179.2,Rural,5,721084.810966397
3026.2,Urban,2,489497.988422921
941.4,Suburban,6,696045.27557402
511.6,Rural,6,255720.990638761
3929.1,Urban,5,291860.379670634
2012.0,Rural,7,125743.928251663
1630.9,Rural,7,635571.572228529
1072.6,Urban,6,107428.402904469
3499.3,Urban,5,330474.933969372
1288.2,Rural,2,590196.26681067
2933.0,Suburban,2,465236.300525506
1231.6,Suburban,6,204290.521688315
1722.3,Suburban,4,156342.552483227
1328.8,Rural,6,84444.2150741373
3188.1,Rural,6,629458.392702369
1265.5,Rural,2,243821.616785298
3231.0,Rural,7,672999.240727014
2397.6,Suburban,2,463226.862586368
1154.5,Urban,4,95869.5693276295
1892.5,Urban,5,204977.900282727
3442.3,Suburban,5,69055.4308813176
552.6,Rural,5,542608.048024405
3091.5,Rural,6,142405.251201841
3203.9,Suburban,1,660486.925475261
1731.2,Suburban,6,742970.080357003
2284.0,Urban,3,261113.819694125
1922.6,Rural,5,475397.280248034
2096.2,Urban,2,103983.001697421
3340.9,Rural,5,116977.36823448
1211.1,Rural,4,399470.452596461
1934.3,Suburban,3,288091.923474485
2070.8,Rural,7,636812.313334259
1651.4,Rural,4,708019.994071897
797.0,Rural,3,697264.72034256
1187.7,Suburban,7,231175.252113528
2150.8,Rural,4,142142.227976279
3963.1,Suburban,1,473627.153553515
1729.3,Urban,1,640827.161564588
1217.5,Urban,7,238002.777233808
802.6,Suburban,7,172518.736561779
1392.1,Urban,2,319991.530516326
656.0,Suburban,7,699946.072602474
641.8,Urban,7,281870.207711415
2764.3,Suburban,7,163205.380520759
2185.3,Suburban,1,107521.062629889
2274.8,Rural,6,208326.126347801
3371.5,Urban,3,301667.021395046
3677.9,Rural,3,743914.141752521
2540.2,Urban,2,676649.22029431
3166.8,Suburban,6,497155.614768096
3821.4,Urban,7,713668.414235382
610.8,Suburban,7,515908.523739107
724.1,Rural,4,513796.157209877
818.0,Urban,2,217357.541847984
2989.3,Rural,4,674987.278712649
2520.6,Rural,5,98931.2719581594
2563.8,Suburban,1,315578.324007091
1028.2,Suburban,4,350858.624917266
1301.1,Rural,4,270576.371012735
1386.2,Urban,1,352790.870294535
844.0,Rural,2,98254.0790017604
748.0,Rural,4,248704.752393086
1355.9,Urban,4,491248.539997381
820.6,Urban,7,570674.630270289
3497.1,Rural,2,501704.967430406
1974.6,Rural,7,492347.907136979
2476.2,Rural,1,319822.645038167
1435.6,Rural,4,692193.096923456
1109.8,Suburban,1,213843.283558841
2118.5,Rural,6,110414.416054108
2156.7,Urban,4,572184.907822505
1469.9,Suburban,5,527416.431733399
3151.1,Urban,3,562288.921415055
3619.8,Rural,6,147202.207932796
3272.5,Rural,2,633658.727278219
1938.1,Suburban,3,171567.1271797
719.9,Suburban,3,333869.3615861
3402.7,Urban,7,634980.86822715
1626.9,Urban,4,241746.121332961
852.1,Suburban,3,468773.933803705
1234.2,Rural,3,638914.243589914
2124.4,Urban,5,431478.423370811
1936.5,Rural,6,441142.99634613
1878.3,Urban,4,451117.331217298
3760.9,Rural,5,515897.862463662
2537.0,Urban,6,377488.603234516
3972.9,Suburban,7,246595.879247269
3574.6,Urban,6,211386.964257029
1165.1,Rural,4,699158.679470927
3832.3,Rural,6,211522.481868932
2418.1,Suburban,6,630126.990152779
2979.6,Rural,3,532191.835248821
2743.2,Suburban,7,380160.358755772
789.9,Rural,2,491801.973240311
3137.0,Suburban,5,142211.108442276
2288.1,Urban,4,506520.632410959
913.4,Urban,2,694722.418241545
3854.0,Urban,3,593295.581880323
1831.7,Rural,6,585556.427878006
2254.1,Urban,1,107590.798085516
1862.3,Suburban,7,132322.510085852
790.7,Suburban,5,195783.782772999
1449.4,Suburban,3,575471.38648548
624.4,Rural,3,404449.975488715
1946.8,Rural,6,396140.025401011
2243.3,Rural,3,720239.354437824
3370.5,Suburban,4,53920.5360874131
657.1,Rural,5,348825.883371946
2979.3,Rural,6,147615.256139359
1846.9,Suburban,6,302967.06463917
1494.7,Urban,3,89634.5829010898
3351.2,Urban,7,420177.450508356
1151.9,Suburban,1,228320.503911476
2525.8,Rural,1,568718.777645914
3792.7,Rural,1,729973.505835351
2094.1,Suburban,4,163197.834184864
2241.2,Suburban,7,562129.065411343
2961.1,Suburban,4,113891.337483275
1831.0,Rural,5,161284.792831882
1031.5,Urban,3,98452.1563091947
2423.8,Suburban,3,75288.6501906374
3092.6,Suburban,5,196211.712597919
536.4,Urban,4,711952.093965593
1434.4,Rural,3,231253.275487987
2588.8,Urban,6,309231.962092411
1718.1,Rural,6,427302.131955877
784.0,Suburban,7,98759.0074634184
2950.0,Urban,2,144113.041363569
797.0,Rural,4,547183.608988067
986.3,Urban,7,283570.357195766
2993.0,Suburban,6,401043.783270704
3989.5,Urban,3,51121.2866567707
3361.3,Urban,6,522826.462194329
763.6,Urban,4,58156.7872352262
3642.5,Urban,4,674281.033501216
3313.6,Urban,3,275014.769334971
3114.1,Suburban,6,80735.7304388096
2947.7,Suburban,1,689964.463515185
3811.8,Suburban,6,740947.814679829
2708.8,Urban,2,399194.391837532
3402.2,Suburban,2,731376.669934778
3402.5,Suburban,3,333964.368399651
2023.5,Urban,2,510976.657518523
931.0,Rural,3,290438.788587506
2615.7,Urban,2,225222.78181827
1624.2,Suburban,6,652957.93008363
1042.6,Suburban,7,312141.688622818
2417.8,Urban,7,629741.476573211
1999.5,Suburban,7,567897.585669021
2411.2,Rural,5,414303.424901415
2574.1,Urban,1,671942.879256619
709.6,Rural,1,466234.310213758
2656.8,Urban,3,469719.290900403
642.2,Urban,1,449734.275887128
2805.0,Suburban,3,230737.140991722
2191.8,Urban,7,320807.911677215
2748.9,Suburban,7,103966.034097194
1294.8,Suburban,7,78485.7426338493
2495.6,Rural,2,92607.8431950628
3328.9,Rural,5,351381.076931151
2302.1,Rural,7,163318.637523747
3620.4,Rural,4,422346.3246695
2591.5,Suburban,1,403033.986355676
1408.8,Rural,6,657321.514862142
2438.7,Suburban,5,651381.392044684
592.7,Suburban,2,604909.334733653
3323.5,Rural,7,401054.814805993
3781.6,Rural,1,424689.425322742
2360.5,Suburban,3,698391.909268115
2131.2,Urban,5,183960.705263478
761.8,Urban,2,653630.881909271
508.3,Rural,2,375059.631865428
1162.4,Rural,7,624378.318242287
2004.3,Urban,1,64639.2143886192
2554.9,Rural,5,588870.696490572
2669.0,Suburban,5,716254.414059067
3862.6,Rural,4,429871.790867032
3970.7,Urban,3,69869.9226737623
2872.9,Urban,1,234378.708237301
1419.0,Suburban,7,258254.66927825
3157.0,Suburban,7,591557.184797748
3080.2,Suburban,7,508204.643265863
705.5,Suburban,6,539685.535407832
3342.5,Rural,7,350273.759581861
2748.4,Rural,4,348710.633369305
3863.1,Suburban,2,271031.106246291
3536.7,Suburban,7,470195.690234673
2334.6,Rural,6,588337.282090967
2465.4,Urban,5,469899.76299092
1217.2,Rural,6,449513.476975192
1735.3,Suburban,6,672044.232102964
994.1,Urban,1,232780.185523019
618.5,Rural,1,496191.741435068
2434.0,Rural,1,652380.272435173
742.3,Urban,4,460205.440922978
3139.1,Suburban,2,281458.292556923
1805.1,Suburban,7,485580.307283114
743.2,Urban,6,416632.486173822
612.3,Urban,7,161757.693719677
3583.6,Suburban,7,509525.419774373
2179.0,Urban,7,286146.493381987
2958.9,Rural,4,436974.05018595
3379.1,Suburban,4,726465.675377295
3448.5,Rural,7,574263.190634846
2456.3,Rural,4,609415.762401089
3084.0,Suburban,3,160134.224090469
1604.0,Urban,3,568578.610001541
3695.6,Rural,1,636262.670184674
2977.0,Urban,5,684347.917764809
3081.0,Suburban,5,713794.464375704
1067.4,Urban,4,251844.610540782
1053.3,Suburban,7,120610.616051646
3835.9,Urban,1,621384.712524154
1607.5,Urban,2,363225.383688345
591.2,Urban,1,56549.4064573848
2838.2,Rural,5,72185.803723897
2061.0,Suburban,1,193020.509622331
872.9,Urban,6,462133.865808942
2014.2,Rural,5,158354.645930393
824.7,Rural,5,283749.096045893
2854.1,Rural,6,579602.812015831
3818.8,Suburban,6,323640.522141935
1246.6,Urban,6,117479.11887269
1646.9,Urban,1,517077.571502367
1802.7,Rural,4,416274.301253693
2810.1,Suburban,1,291664.048677189
3120.2,Suburban,7,657514.911501151
3734.2,Suburban,3,521782.698668303
1787.4,Urban,1,460533.573842629
1284.1,Rural,2,617009.288753283
3779.6,Suburban,2,273184.208575904
1190.2,Rural,5,600545.745641108
1847.4,Suburban,7,172584.481793899
2076.1,Suburban,2,202946.106245537
2143.9,Rural,1,720292.064904957
2952.4,Rural,1,274556.139497802
602.9,Urban,1,83925.4918750464
1753.8,Rural,4,206940.289785067
3961.6,Rural,3,731974.804093644
2592.0,Urban,4,720682.106789298
3816.2,Rural,5,460676.95911359
2303.5,Suburban,4,247634.526055508
3689.2,Suburban,3,288097.328599952
3254.2,Suburban,2,530922.749590838
2936.3,Suburban,6,363578.332143822
1124.7,Suburban,2,543175.181121466
2778.4,Suburban,3,582771.310439903
2552.5,Suburban,7,384832.214027912
3130.7,Rural,3,709311.922538001
3628.7,Suburban,6,685765.326156298
800.3,Rural,6,529610.958337641
1169.8,Urban,2,351133.279625472
3435.7,Urban,3,679599.66091773
2510.7,Urban,1,57390.8619925785
873.0,Suburban,5,674936.110049517
1562.9,Suburban,6,569365.561317315
684.5,Rural,2,102778.555996427
1655.6,Urban,1,527432.283308823
1086.3,Suburban,6,196697.719393863
2307.4,Urban,2,461109.872227092
1053.8,Urban,6,528274.651100719
1576.3,Suburban,3,729467.774065922
551.7,Suburban,2,188100.06862123
901.4,Rural,7,636587.335481634
3140.8,Urban,5,267916.226398374
2996.9,Urban,1,471601.849984101
1871.6,Rural,7,478888.546713243
1868.0,Urban,6,709967.433206212
1557.3,Urban,6,588137.299271055
2216.8,Rural,1,524513.477257329
3723.5,Urban,7,113036.719359404
2438.7,Urban,6,454841.576807497
896.2,Rural,2,155370.422251798
699.8,Urban,2,133047.915845532
3989.8,Rural,1,72314.7382458089
3387.4,Rural,2,188083.560497349
