Size(in sq),NumRooms,Price,Location_Suburban,Location_Urban
0.7001974079478156,0.8333333333333334,211683.14691713,False,False
0.6545933110176522,0.6666666666666666,689951.049911979,False,True
0.05195548307727518,0.16666666666666666,608125.910074932,False,False
0.7416244671415901,0.9999999999999999,255773.531658531,False,False
0.7106972219838068,0.9999999999999999,698248.040726407,True,False
0.9692444139272738,0.9999999999999999,54500.32401926,True,False
0.9605184104368722,0.16666666666666666,657254.921926672,False,False
0.3867479186335937,0.16666666666666666,87006.9347483766,False,True
0.942808914828484,0.6666666666666666,726026.354652407,True,False
0.13143363945870165,0.0,223638.081831656,False,True
0.9384029983120188,0.0,415599.342885769,False,False
0.7899751094326667,0.6666666666666666,113241.345749167,False,True
0.9788859325379795,0.8333333333333334,107116.419355891,True,False
0.45232168912539694,0.16666666666666666,306020.164351817,False,True
0.8548050238892226,0.0,119984.375946878,False,True
0.3443195147769862,0.6666666666666666,413038.726434861,False,False
0.9775984894000513,0.16666666666666666,375708.763194639,False,True
0.471404457414242,0.5,121175.428759737,True,False
0.6602580608245358,0.16666666666666666,577912.08770598,False,False
0.1203330186250107,0.0,173194.346631682,False,False
0.7349011529768547,0.9999999999999999,103214.902514115,True,False
0.8267673733299001,0.5,284914.11231689,False,True
0.2693617143020628,0.6666666666666666,329097.666628376,True,False
0.12350871169856661,0.0,106442.79573369,False,True
0.0024604468858180906,0.33333333333333337,205324.34957129,False,True
0.6700426286727891,0.8333333333333334,392333.597255015,False,True
0.9954510342459875,0.6666666666666666,524087.258891546,False,True
0.44514061740050925,0.8333333333333334,171917.659753614,False,True
0.7787028295139187,0.0,657066.802258758,False,True
0.2667009984836781,0.9999999999999999,111463.352968838,False,True
0.18962606929305062,0.6666666666666666,607896.498095355,True,False
0.3300718107172489,0.0,281711.785838831,False,True
0.6451806711870226,0.16666666666666666,614326.038097747,False,False
0.1479415214716905,0.8333333333333334,330848.387262257,True,False
0.31364975824678853,0.0,559935.268372803,True,False
0.31144679998855607,0.16666666666666666,634826.628257923,True,False
0.5283666638056819,0.5,446104.00165046,False,True
0.7370182816925586,0.5,552066.98090513,False,False
0.3260378222184075,0.33333333333333337,691290.646182768,False,True
0.2764569564844219,0.5,665036.729409229,False,True
0.7523245501101479,0.16666666666666666,569964.143642255,False,False
0.9376019225817527,0.8333333333333334,637578.623349841,False,False
0.9015535147197664,0.33333333333333337,170553.269525549,True,False
0.746974508625869,0.9999999999999999,478093.239319225,True,False
0.5101708007896318,0.9999999999999999,210758.446334204,False,True
0.609160873172546,0.16666666666666666,311730.13346867,False,True
0.6033244642806054,0.9999999999999999,286569.662777095,True,False
0.9309072182645266,0.0,458031.066134479,False,False
0.6463250650874031,0.5,226277.344174641,True,False
0.3915543730151918,0.8333333333333334,196864.900202671,False,True
0.2260177953251509,0.8333333333333334,388164.654954802,True,False
0.6262695619832346,0.16666666666666666,533162.529315112,True,False
0.5098847023145366,0.33333333333333337,230730.826297246,False,True
0.5991188166967071,0.9999999999999999,242669.801916062,False,True
0.7968128629874403,0.8333333333333334,174265.885174291,False,False
0.4843074986410322,0.0,559324.717339854,True,False
0.8699396332217548,0.6666666666666666,638030.743451259,False,True
0.07138156953623437,0.8333333333333334,491174.559397562,False,True
0.3827139301347524,0.6666666666666666,136514.081342906,False,True
0.6946470975309701,0.16666666666666666,545291.978318707,False,True
0.6292449861242239,0.33333333333333337,719896.000500172,True,False
0.18161531199038708,0.6666666666666666,568598.54413174,False,False
0.17772437272909333,0.16666666666666666,719068.540960516,False,True
0.9915028752896746,0.33333333333333337,165674.126505798,False,False
0.30541012216404884,0.9999999999999999,704459.72950212,False,False
0.5218722284210225,0.33333333333333337,92955.6062050196,False,False
0.16376276714445107,0.9999999999999999,151271.646052417,True,False
0.29522501645066224,0.0,670659.889560349,False,True
0.45280805653305867,0.0,315437.704050878,True,False
0.9715332017280347,0.0,483986.864007556,True,False
0.8394701456241238,0.6666666666666666,619306.44022949,False,True
0.35687923783366227,0.9999999999999999,431192.786554327,False,True
0.3554487454581866,0.9999999999999999,609688.997504106,False,True
0.48937144165021595,0.0,217509.22568284,False,True
0.15981460818813834,0.6666666666666666,214214.093500897,True,False
0.641518610705805,0.9999999999999999,126084.385662836,False,True
0.29436672102537687,0.33333333333333337,344557.219115424,False,False
0.14264869968243069,0.9999999999999999,719590.687889704,False,True
0.3669499041570108,0.0,682049.391927,False,True
0.894372442994879,0.6666666666666666,92788.3468471089,True,False
0.956427202243012,0.33333333333333337,218464.302532111,False,False
0.8886218636454666,0.33333333333333337,390448.915984289,True,False
0.485966869796584,0.16666666666666666,576854.097944071,False,False
0.4782994306640346,0.33333333333333337,73167.6720051939,False,True
0.2404085486224358,0.8333333333333334,658894.019611173,True,False
0.6005493090721826,0.16666666666666666,594434.816653194,True,False
0.20149915600949844,0.8333333333333334,160480.582386836,True,False
0.20258633021485992,0.33333333333333337,677173.354005692,False,False
0.26541355534574995,0.33333333333333337,293318.949709962,False,False
0.07570165651017077,0.16666666666666666,495877.454662524,False,True
0.0945841558664492,0.8333333333333334,665746.9640331,False,True
0.9721912282207537,0.5,217538.920469186,True,False
0.49057305524561556,0.8333333333333334,568883.987910506,True,False
0.9704174176751637,0.16666666666666666,81353.4674678833,False,False
0.7686035533430606,0.0,602292.923096154,False,False
0.9136840900637999,0.16666666666666666,384293.753894305,True,False
0.034989843504134116,0.33333333333333337,445170.802298174,True,False
0.41859067891168134,0.33333333333333337,460876.284638025,True,False
0.638514576717306,0.33333333333333337,112096.264069876,False,False
0.8047664005950848,0.8333333333333334,133976.730067178,False,True
0.7959259577146452,0.16666666666666666,334077.482277153,False,True
0.9726775956284153,0.8333333333333334,638530.420468311,False,True
0.9578576946184876,0.5,418237.742185358,False,False
0.40646010356764795,0.6666666666666666,445875.75077639,False,False
0.8791233942723085,0.5,315869.649495343,True,False
0.04574714616771092,0.6666666666666666,345020.438354561,True,False
0.6320201413326467,0.9999999999999999,727980.190657913,False,True
0.6807713214888563,0.0,700477.858709809,True,False
0.2539410064944353,0.8333333333333334,234015.077829289,False,True
0.5480502388922267,0.9999999999999999,320730.507970189,True,False
0.2948816982805481,0.9999999999999999,344636.092234646,True,False
0.7169341687408806,0.16666666666666666,545066.850718522,True,False
0.3719280176236661,0.5,291085.376425608,False,False
0.5372929362286498,0.9999999999999999,407499.931838091,False,False
0.5753154235687923,0.0,111324.421037651,False,False
0.1348668211598432,0.33333333333333337,206526.034155936,False,False
0.1513460933253226,0.5,359744.425090279,True,False
0.27276628615569476,0.0,274278.90565845,False,True
0.040025176665808376,0.6666666666666666,576215.812009404,False,False
0.6889823477240866,0.6666666666666666,737044.757767033,False,True
0.2966268989786284,0.16666666666666666,618902.113630095,False,True
0.5325723113895802,0.16666666666666666,237381.507211004,True,False
0.1203330186250107,0.6666666666666666,568015.764452191,False,False
0.3560495522558864,0.5,596238.252089139,False,False
0.9835493376820301,0.5,90059.5998473714,False,False
0.8461362400938403,0.16666666666666666,332886.531775974,False,False
0.27436843761622753,0.0,212282.810051589,False,True
0.3040368494835922,0.8333333333333334,526711.40977528,False,True
0.8813549623780506,0.8333333333333334,67489.9750561528,False,False
0.40211140674620205,0.9999999999999999,86096.3067042413,False,True
0.38906531628186414,0.16666666666666666,311102.706547873,False,True
0.3648899951363259,0.0,399827.477341947,False,False
0.7594484021400165,0.8333333333333334,117685.952005219,True,False
0.3302720796498154,0.5,210633.934853422,False,False
0.1669670700655165,0.6666666666666666,712515.626902099,False,True
0.6871799273309873,0.0,108082.722042392,False,False
0.6446943037793608,0.6666666666666666,60377.5181873677,True,False
0.6974508625869024,0.33333333333333337,125454.066412292,True,False
0.9502760850284666,0.5,60902.4866924791,False,True
0.44093496981661084,0.8333333333333334,260956.544987635,False,False
0.4997568162961691,0.8333333333333334,573986.411142826,False,True
0.9168311732898464,0.9999999999999999,659314.586330554,False,False
0.25165221869367427,0.16666666666666666,204143.729534463,False,False
0.06940749005807798,0.6666666666666666,515274.740699867,False,False
0.018739450118730877,0.9999999999999999,402199.248081155,True,False
0.9980259205218436,0.8333333333333334,425938.590767453,True,False
0.7304666266128801,0.0,588012.388903673,False,True
0.638400137327268,0.6666666666666666,172120.623011086,False,True
0.5686207192515663,0.8333333333333334,93075.497737795,False,False
0.46943037793608555,0.9999999999999999,708024.933984061,True,False
0.7058621577546992,0.8333333333333334,411026.51651895,True,False
0.2732526535633565,0.6666666666666666,162087.99753217,False,True
0.28040511544073465,0.0,50879.6165640683,False,True
0.6197179069035562,0.9999999999999999,127756.234686173,False,True
0.9042142305381511,0.0,55977.6405964794,True,False
0.48467942665865593,0.8333333333333334,586333.976185901,False,False
0.14319228678511145,0.0,115523.156272289,False,False
0.9713329327954683,0.9999999999999999,616557.729715873,True,False
0.028953165679626913,0.33333333333333337,438519.706258077,False,False
0.6547077504076902,0.16666666666666666,501579.785958018,False,False
0.6935885331731182,0.5,289422.359265585,False,True
0.1453666351958344,0.33333333333333337,130576.860862842,True,False
0.49598031642491347,0.33333333333333337,715803.619356916,False,False
0.21380139043858895,0.8333333333333334,296099.880785107,True,False
0.8225045060509827,0.0,693194.107414016,True,False
0.9139701885388951,0.9999999999999999,218479.153061374,False,False
0.8306583125911938,0.16666666666666666,124251.721513127,True,False
0.22215546591136667,0.9999999999999999,369124.544419713,False,True
0.3657482905616113,0.16666666666666666,731620.778530889,False,True
0.35490515835550596,0.16666666666666666,127236.684131019,False,True
0.4335250193116471,0.5,199645.515324608,True,False
0.3232054473149658,0.33333333333333337,210567.049020614,False,False
0.3369667839670414,0.8333333333333334,611326.695902212,False,False
0.3419162875861871,0.8333333333333334,716213.02928981,False,False
0.4948645323720424,0.9999999999999999,601623.214245874,True,False
0.1883958458501416,0.5,367250.830210867,True,False
0.6604583297571023,0.0,552700.502968776,True,False
0.5276800274654536,0.6666666666666666,295182.257809346,False,False
0.43821703430320713,0.33333333333333337,409737.523983119,True,False
0.3132778302291649,0.9999999999999999,422884.609865344,False,True
0.0428003318742311,0.9999999999999999,106056.668340857,False,True
0.8592109404056876,0.0,458098.769557068,False,False
0.3719280176236661,0.0,440258.178074671,True,False
0.8038508854747805,0.6666666666666666,164423.736237529,False,True
0.4843074986410322,0.5,526543.083210078,False,True
0.4467427688610419,0.16666666666666666,158342.773441808,False,True
0.33018625010728686,0.33333333333333337,266123.56108972,True,False
0.06634623637456011,0.9999999999999999,721976.205503353,True,False
0.21159843218035643,0.9999999999999999,186775.196467479,False,False
0.16276142248161815,0.16666666666666666,142872.167001967,False,True
0.4797013131920007,0.16666666666666666,505340.433275253,True,False
0.27182216118788083,0.9999999999999999,509689.978010158,False,False
0.633937001115784,0.16666666666666666,52967.8809293337,False,True
0.06537350155923669,0.16666666666666666,542921.790291007,False,True
0.5399250421995251,0.5,679847.28627404,False,True
0.5673046662661287,0.8333333333333334,558714.538596459,False,True
0.09255285669327382,0.6666666666666666,329125.408308169,False,True
0.5713672646124797,0.8333333333333334,531231.52488757,True,False
0.9800017165908506,0.8333333333333334,437854.748441857,False,False
0.36852344577003404,0.33333333333333337,506361.570052707,True,False
0.8658198151803851,0.5,430800.085025411,True,False
0.5627843103596258,0.16666666666666666,102197.704267857,False,True
0.02140016593711555,0.8333333333333334,158637.820836688,False,False
0.2861843046376562,0.8333333333333334,385293.639706536,True,False
0.8671644780133321,0.6666666666666666,544624.212651313,False,True
0.8240208279689869,0.5,156270.960462187,True,False
0.6697851400452036,0.5,153613.045680011,True,False
0.13329327954682,0.5,448484.635124525,False,False
0.6540211140674619,0.5,558587.947538197,False,False
0.7696621177009126,0.0,271448.225087632,True,False
0.3311303750751008,0.33333333333333337,547553.904712748,False,True
0.6878379538237062,0.9999999999999999,521800.602054558,False,True
0.0,0.16666666666666666,680065.230014445,True,False
0.3955597516665236,0.16666666666666666,288299.119509832,False,True
0.10525562898749749,0.5,475048.768201143,False,True
0.7964123251223071,0.8333333333333334,50621.6743233067,False,False
0.3844877406803421,0.33333333333333337,330036.468528774,False,False
0.3331044545532572,0.33333333333333337,232458.197259677,True,False
0.7569879552541984,0.9999999999999999,383478.193948991,False,False
0.9583726718736589,0.6666666666666666,166451.622681662,False,False
0.6711870225731696,0.6666666666666666,137158.020882958,False,True
0.20381655365776893,0.0,156050.565003082,False,True
0.03404571853632021,0.0,517115.63864231,False,True
0.028237919491889085,0.33333333333333337,191615.924015624,True,False
0.4746087603353074,0.8333333333333334,230270.930196272,False,True
0.26544216519325947,0.9999999999999999,534316.663111602,True,False
0.9138271393013475,0.33333333333333337,625552.314073798,True,False
0.5525419849512202,0.0,162424.302165115,True,False
0.38322890738992366,0.0,538384.618753631,False,False
0.5482791176723028,0.9999999999999999,61535.6537666031,False,False
0.5993190856292736,0.6666666666666666,125132.600023045,False,False
0.7498068835293108,0.6666666666666666,678058.67054637,False,True
0.24741796126226642,0.16666666666666666,143391.317882235,False,False
0.7353875203845163,0.33333333333333337,745298.247200305,False,True
0.5748290561611307,0.16666666666666666,741450.68506919,True,False
0.04242840385660743,0.33333333333333337,68406.265464181,True,False
0.10499814035991187,0.0,601885.38150802,False,True
0.5400680914370727,0.16666666666666666,606987.524469066,True,False
0.5760592796040397,0.33333333333333337,747817.376838893,True,False
0.09944782994306639,0.16666666666666666,584802.41219983,False,False
0.05003862329413783,0.33333333333333337,426750.611914159,True,False
0.46674105227019136,0.8333333333333334,454878.889817325,True,False
0.5795496810002003,0.9999999999999999,501317.226377187,True,False
0.11752925356907848,0.33333333333333337,663739.985599542,True,False
0.9789431522329985,0.9999999999999999,582650.055973959,False,False
0.553371670528996,0.8333333333333334,349316.962689972,True,False
0.9141418476239522,0.16666666666666666,119055.782806653,False,False
0.7197379337968128,0.9999999999999999,519506.936316519,False,True
0.8053672073927844,0.9999999999999999,294647.709132356,False,False
0.28561210768746603,0.9999999999999999,226627.7523994,False,False
0.5058221039681858,0.9999999999999999,557475.257914926,False,False
0.21929448116041542,0.16666666666666666,522766.366601696,False,False
0.14113237776442653,0.0,127766.465442533,False,True
0.7932938517437702,0.9999999999999999,658201.990331221,True,False
0.5433582239006666,0.33333333333333337,299044.539920316,False,False
0.44453981060280945,0.8333333333333334,386067.760400298,False,True
0.5359482733957027,0.6666666666666666,478086.952189025,False,True
0.09358281120361625,0.8333333333333334,230691.723884631,True,False
0.18281692558578663,0.6666666666666666,127787.744523401,False,True
0.039739078190713234,0.0,716598.020319362,True,False
0.5370068377535547,0.0,730009.42386156,True,False
0.2513661202185792,0.9999999999999999,570138.103851427,False,False
0.343747317826796,0.16666666666666666,742296.322853531,False,True
0.5328584098646754,0.33333333333333337,563026.655579996,True,False
0.9925328298000171,0.9999999999999999,505404.712141863,False,True
0.1953766486424627,0.6666666666666666,342581.516779498,True,False
0.8884502045604097,0.16666666666666666,152077.566598143,False,True
0.7197379337968128,0.33333333333333337,318049.506929148,True,False
0.17403370240036617,0.16666666666666666,395016.372986114,True,False
0.9434955511687122,0.5,603046.149339445,False,False
0.7027150745286528,0.8333333333333334,714812.909517869,False,True
0.3858610133607988,0.16666666666666666,310812.75300609,False,True
0.12476754498898521,0.5,97598.8418210275,True,False
0.8357222556003776,0.33333333333333337,716741.004343051,True,False
0.022544559837496064,0.6666666666666666,227937.385076244,False,True
0.9007524389895001,0.9999999999999999,142840.130384373,False,True
0.7966412039023831,0.5,60253.5922759938,True,False
0.23857751838182698,0.0,491595.29616021,False,True
0.4239121105484508,0.5,371960.505330416,False,False
0.06234085772322834,0.5,229211.599500704,True,False
0.6803421737762136,0.9999999999999999,491442.665326373,False,False
0.40557319829485305,0.0,451218.81537486,False,False
0.11569822332846966,0.8333333333333334,337143.056754255,False,True
0.8803822275627271,0.5,78289.1367691942,False,True
0.023975052212971693,0.16666666666666666,209166.967408627,True,False
0.2720796498154665,0.33333333333333337,353686.220631284,True,False
0.5971733470660601,0.8333333333333334,93855.2749871357,False,True
0.054644808743169404,0.6666666666666666,710520.740639101,True,False
0.7855405830686922,0.6666666666666666,215895.737485752,False,True
0.574399908448488,0.9999999999999999,396679.91889233,False,False
0.04743512717077217,0.9999999999999999,290693.41447509,False,False
0.6071295739993706,0.0,741794.060872701,False,True
0.972935084256001,0.0,521286.292644202,False,True
0.37272909335393245,0.16666666666666666,510739.321395635,False,False
0.586902411810145,0.33333333333333337,316003.223922786,False,True
0.45280805653305867,0.16666666666666666,349841.009498363,False,False
0.6183160243755901,0.5,155862.74848095,True,False
0.44782994306640345,0.0,62798.572205073,False,True
0.8190999341973506,0.16666666666666666,648830.236064913,False,True
0.48739736217205964,0.8333333333333334,607523.032480194,False,False
0.179269304494607,0.16666666666666666,238868.647241192,False,True
0.7259462707063771,0.8333333333333334,131653.323526503,False,False
0.04199925614396474,0.33333333333333337,526833.838205705,False,False
0.7138443052098532,0.9999999999999999,298438.828567775,False,True
0.8038794953222899,0.8333333333333334,171524.352799357,False,False
0.7979572568878208,0.16666666666666666,248213.223480403,False,False
0.37272909335393245,0.0,603425.4413738,False,False
0.20999628071982376,0.0,437912.850465474,False,True
0.37724944926043547,0.16666666666666666,655980.06173254,False,True
0.9123108173833432,0.16666666666666666,571783.175372142,False,True
0.31625325437015417,0.16666666666666666,207037.874136348,False,False
0.6416044402483335,0.5,344655.160025878,True,False
0.3651188739164021,0.0,79296.0134073809,True,False
0.2660429719909593,0.0,623463.570090824,False,True
0.8073126770234315,0.9999999999999999,247446.673147382,False,False
0.8319171458816124,0.0,580676.549848508,False,True
0.8950304694875975,0.16666666666666666,413640.412069907,False,False
0.23946442365462192,0.8333333333333334,308761.443514851,True,False
0.6902411810145052,0.0,495534.333741378,False,False
0.1596143392555717,0.0,77378.3192014107,True,False
0.6288444482590907,0.0,161990.220591376,False,True
0.6142534260292392,0.0,413542.104166302,False,True
0.6128229336537635,0.33333333333333337,328088.079014942,True,False
0.45698509426944756,0.16666666666666666,505519.561911442,False,False
0.03664921465968585,0.16666666666666666,470228.871954951,False,False
0.7422252739392898,0.6666666666666666,73610.2267192334,False,False
0.6285011300889766,0.5,379666.59842527,False,True
0.47961548364947215,0.0,301921.860092332,True,False
0.39430091837610504,0.6666666666666666,193452.853295036,True,False
0.8061968929705604,0.5,538015.747786745,False,True
0.10937544702886734,0.0,379016.481034449,True,False
0.7585328870197121,0.5,357800.733355627,False,True
0.31530912940234024,0.0,420011.498917584,False,True
0.3669785140045204,0.5,136076.774260468,True,False
0.6888679083340485,0.9999999999999999,587114.887663853,True,False
0.7335850999914171,0.0,621157.304558078,False,True
0.5164649672417246,0.6666666666666666,480418.622443266,True,False
0.20115583783938426,0.6666666666666666,192205.786040647,True,False
0.46222069636368845,0.0,633440.106690079,False,True
0.767287500357623,0.0,460649.487029068,True,False
0.5588647612508225,0.9999999999999999,416215.82721446,False,False
0.8664206219780848,0.8333333333333334,165244.316391743,True,False
0.667753840872028,0.33333333333333337,316854.740078256,True,False
0.0333876920436014,0.8333333333333334,501884.652094142,False,False
0.29551111492575743,0.0,297631.610619052,False,True
0.7640259777415386,0.9999999999999999,692995.051972346,False,True
0.56664663977341,0.16666666666666666,195452.638268931,True,False
0.9210940405687638,0.16666666666666666,95664.2190458514,True,False
0.9962521099762538,0.33333333333333337,560322.096797522,True,False
0.4521214201928303,0.16666666666666666,320669.258956373,False,True
0.34846794266586556,0.6666666666666666,202500.959033262,False,False
0.7475753154235687,0.9999999999999999,292518.613999566,False,False
0.04291477126426915,0.33333333333333337,473747.009370915,True,False
0.528709981975796,0.16666666666666666,575609.232124824,False,True
0.5915944268017052,0.0,732300.487559207,True,False
0.09899007238291418,0.0,170702.682873541,False,True
0.972219838068263,0.16666666666666666,627028.957745972,True,False
0.06339942208108029,0.9999999999999999,510015.163982358,False,True
0.7229136268703688,0.9999999999999999,395426.138919992,True,False
0.730352187222842,0.6666666666666666,525415.363135689,False,True
0.009927617085800922,0.9999999999999999,342276.200724064,True,False
0.3473235487654851,0.5,195976.706732754,True,False
0.12142019283037223,0.33333333333333337,93215.7291678179,True,False
0.28246502446141963,0.6666666666666666,200171.334624908,False,False
0.6297885732269046,0.5,697227.479837537,False,True
0.9122249878408146,0.9999999999999999,124092.459147783,False,False
0.43120762166337656,0.6666666666666666,362354.934307815,False,True
0.2023574514347838,0.0,519720.116087316,False,True
0.8671358681658226,0.9999999999999999,61635.8297517711,False,True
0.9820044059165163,0.5,446437.709465884,True,False
0.5643864618201585,0.16666666666666666,146863.377050314,False,False
0.37272909335393245,0.0,182965.856279097,False,True
0.3284696592567161,0.9999999999999999,75401.5760434332,False,False
0.5928246502446142,0.16666666666666666,176630.706270032,False,False
0.07049466426343948,0.9999999999999999,354508.805815949,True,False
0.40359911881669674,0.16666666666666666,649816.261678935,False,True
0.5101421909421223,0.33333333333333337,337516.378905545,False,False
0.22747689754813602,0.8333333333333334,261630.253798949,True,False
0.15844133550768172,0.5,669159.604375587,False,True
0.2635539152576317,0.8333333333333334,368601.318704951,False,False
0.7815638142648699,0.0,559699.499423195,False,True
0.07069493319600603,0.8333333333333334,585658.930391066,True,False
0.928303722141161,0.0,587910.790265442,False,True
0.310273796240666,0.6666666666666666,683899.448340898,False,True
0.703287271478843,0.0,643379.496515234,False,True
0.4812176351100048,0.5,506787.104582724,False,False
0.846450948416445,0.9999999999999999,736843.342582177,False,False
0.5267359024976397,0.5,297553.754796563,False,False
0.338340056647498,0.5,655562.864305457,False,False
0.6513603982490773,0.0,550205.105380394,True,False
0.489257002260178,0.8333333333333334,514611.776379857,False,False
0.646267845392384,0.16666666666666666,74585.3280061088,False,False
0.07098103167110117,0.8333333333333334,395786.614375497,False,True
0.8602695047635396,0.6666666666666666,166648.430814258,False,True
0.5891625897633965,0.5,452538.105999819,False,False
0.03284410494092066,0.33333333333333337,82950.2577595151,False,False
0.22407232569450405,0.9999999999999999,548976.291580888,True,False
0.40663176265270506,0.9999999999999999,416755.203580197,False,False
0.3157096672674734,0.16666666666666666,413992.299832119,True,False
0.0011730037478900335,0.16666666666666666,733876.708073762,True,False
1.0,0.5,388920.994857918,False,False
0.6857494349555117,0.8333333333333334,510901.270562531,False,True
0.49266157411380995,0.33333333333333337,705748.077660773,True,False
0.7966125940548736,0.33333333333333337,733918.065919806,False,True
0.146625468486253,0.8333333333333334,239595.243190438,True,False
0.7670872314250565,0.6666666666666666,642370.473604532,True,False
0.4432523674648814,0.6666666666666666,559572.115770599,False,True
0.45040482934225956,0.16666666666666666,107909.7318939,False,True
0.01808142362601206,0.16666666666666666,375218.125589636,True,False
0.2190656023803393,0.8333333333333334,419500.54564428,True,False
0.7203101307470031,0.8333333333333334,543664.960531736,True,False
0.5337167052899607,0.5,227791.463415761,False,True
0.6223500128744314,0.33333333333333337,372054.212287657,False,True
0.6250393385403256,0.0,94464.6705364016,False,True
0.7074356993677223,0.33333333333333337,91969.6045844549,False,False
0.26853202872428683,0.8333333333333334,223213.138896753,True,False
0.36915286241524337,0.33333333333333337,275467.069606961,False,True
0.6786255829256429,0.16666666666666666,276345.007179269,False,True
0.4772694761536921,0.0,221858.085370076,False,True
0.7240580207707492,0.9999999999999999,113264.725689759,False,False
0.024089491603009744,0.6666666666666666,715393.564809579,False,False
0.93422596057563,0.16666666666666666,507254.379688488,True,False
0.2576888965181816,0.6666666666666666,180694.981226852,False,True
0.894772980860012,0.33333333333333337,250813.664152332,False,False
0.9580579635510542,0.9999999999999999,282537.377721237,False,True
0.4201928303722141,0.8333333333333334,372367.177206441,False,False
0.9548536606299887,0.0,54664.741101666,False,True
0.20490372786313052,0.33333333333333337,710199.659051498,False,False
0.9407203959602894,0.6666666666666666,273166.694559291,False,False
0.3733871198466512,0.6666666666666666,75932.1472742948,False,True
0.09426944754384459,0.16666666666666666,256725.130239935,True,False
0.3099876977655709,0.8333333333333334,520489.070427119,True,False
0.31264841358395556,0.0,108134.774736158,True,False
0.5180671187022573,0.0,270497.776343342,True,False
0.15251909707321257,0.8333333333333334,677507.424496761,False,False
0.03121334363287842,0.9999999999999999,429630.021984191,True,False
0.32998598117472033,0.8333333333333334,621536.07359037,False,True
0.4076044974680285,0.5,573221.925776146,True,False
0.44245129173461506,0.6666666666666666,668335.378581112,False,True
0.42268188710554166,0.8333333333333334,560925.500678028,False,True
0.7130718393270963,0.8333333333333334,466598.031115269,True,False
0.7441421337224272,0.8333333333333334,309004.276327699,False,False
0.9925328298000171,0.0,279914.557103912,True,False
0.13109032128858752,0.9999999999999999,181560.539537802,True,False
0.4381598146081881,0.5,619463.159816774,True,False
0.2233284696592567,0.33333333333333337,163925.283491382,True,False
0.05730552456155408,0.5,283705.150276179,False,False
0.2518810974737504,0.33333333333333337,326189.960022416,False,True
0.10233742454152717,0.6666666666666666,724795.381640183,True,False
0.5682201813864333,0.33333333333333337,343442.109343166,False,False
0.270992475610105,0.9999999999999999,574786.059999877,False,True
0.012445283666638052,0.33333333333333337,174205.963317436,True,False
0.06646067576459816,0.6666666666666666,592367.128520731,False,True
0.2717649414928618,0.16666666666666666,691480.478058666,False,False
0.795296541069436,0.9999999999999999,363413.119647983,True,False
0.808628730008869,0.0,468310.862197398,False,False
0.21794981832746826,0.16666666666666666,377717.55850727,False,True
0.8097731239092495,0.5,454844.20175512,False,False
0.4754956656081022,0.0,657297.796192841,False,True
0.7396789975109432,0.8333333333333334,468294.349540395,True,False
0.549852659285326,0.5,153858.359648263,True,False
0.702343146511029,0.6666666666666666,562999.166864601,True,False
0.2753697822790604,0.6666666666666666,177452.156433676,False,False
0.9398621005350041,0.33333333333333337,109305.841714251,False,False
0.6191457099533659,0.9999999999999999,222159.452802904,True,False
0.003147083226046399,0.8333333333333334,182240.691834282,False,False
0.5028466798271966,0.9999999999999999,205297.985298204,False,False
0.7361027665722542,0.6666666666666666,525913.547351932,True,False
0.8206448659628643,0.16666666666666666,619910.438033182,False,True
0.5332589477298085,0.8333333333333334,208438.98333828,False,True
0.03536177152175776,0.33333333333333337,665714.129720688,False,True
0.7337281492289647,0.0,391733.235475854,False,False
0.4395044774411353,0.6666666666666666,306461.896893417,True,False
0.3282693903241495,0.9999999999999999,53560.2082151973,False,True
0.27290933539324225,0.9999999999999999,507565.769463252,False,False
0.8643321031098905,0.9999999999999999,722908.158514671,False,True
0.2359168025634423,0.0,95908.3562012989,False,False
0.9269590593082138,0.6666666666666666,463064.707979594,False,True
0.9982261894544102,0.16666666666666666,116279.63864548,True,False
0.7789317082939948,0.9999999999999999,62151.4415773501,False,False
0.9153434612193516,0.5,604071.393607384,False,True
0.9993133636597715,0.0,511755.694461344,False,True
0.8384974108088004,0.16666666666666666,479562.486716067,True,False
0.07215403541899121,0.33333333333333337,707947.957764976,False,False
0.4474580150487797,0.6666666666666666,665721.367480264,True,False
0.21803564786999682,0.8333333333333334,242683.3804749,True,False
0.6014934340399966,0.8333333333333334,154212.370517789,False,False
0.3762481045976025,0.8333333333333334,666515.341251482,False,True
0.15506537350155922,0.33333333333333337,447041.076380192,False,False
0.38354361571252826,0.16666666666666666,382488.141270051,True,False
0.4487740680342174,0.0,727597.613362611,False,False
0.49206076731611015,0.33333333333333337,189418.081726734,True,False
0.9885560609961948,0.33333333333333337,700661.008139669,False,True
0.6549938488827854,0.8333333333333334,427243.960948905,False,False
0.12339427230852859,0.33333333333333337,703251.572399878,False,False
0.43881784110090694,0.8333333333333334,292542.549509237,False,True
0.010270935255915076,0.6666666666666666,464011.780115912,False,False
0.483735301690842,0.16666666666666666,702119.878684526,True,False
0.15208994936056988,0.16666666666666666,513509.754069378,True,False
0.039710468343203714,0.5,218551.099096906,True,False
0.3838869338826424,0.0,75721.8430034151,False,True
0.7709495608388407,0.8333333333333334,733365.59340821,False,False
0.3948158956312763,0.9999999999999999,702527.54368596,False,False
0.481446513890081,0.0,518961.37517104,False,True
0.23957886304465995,0.5,221916.067588163,False,False
0.32589477298086,0.16666666666666666,478579.126203232,False,False
0.7644837353016909,0.6666666666666666,401597.071511037,False,True
0.8022773438617572,0.5,74565.2526362434,False,True
0.027351014219094194,0.8333333333333334,526832.089364384,False,True
0.44182187508940574,0.6666666666666666,144496.196516724,False,False
0.5898206162561154,0.8333333333333334,730768.128484709,False,True
0.2300803936715017,0.5,560722.822058948,False,True
0.6252109976253827,0.33333333333333337,438060.381264466,True,False
0.4211941750350471,0.6666666666666666,163590.826754101,False,False
0.13807112408090863,0.16666666666666666,211453.520574252,True,False
0.34514920035476204,0.5,365670.515724501,False,True
0.9379738505993762,0.33333333333333337,528927.531754456,False,True
0.04746373701828169,0.33333333333333337,145354.517985305,False,False
0.038222756272709046,0.9999999999999999,389549.986129788,False,True
0.40514405058221037,0.5,382193.48795809,False,False
0.2845249334821045,0.16666666666666666,494865.078931798,False,False
0.385088547478042,0.9999999999999999,715901.829854774,False,False
0.9095928818699395,0.5,264433.165430486,False,False
0.6610305267072926,0.0,664115.084050373,False,True
0.9477011987526105,0.0,596412.742654721,True,False
0.17337567590764738,0.5,425575.919592537,True,False
0.8819271593282407,0.0,576220.328963233,False,False
0.09873258375532856,0.0,115106.26913751,True,False
0.913741309758819,0.6666666666666666,326815.447561626,False,False
0.6602294509770262,0.6666666666666666,665068.15244665,True,False
0.26810288101164415,0.0,184271.146687461,False,True
0.9488742025005006,0.0,247738.311623727,False,False
0.02037021142677309,0.9999999999999999,628980.674017635,False,False
0.41727462592624376,0.33333333333333337,663420.745934756,False,False
0.8686807999313364,0.16666666666666666,514801.418849916,False,True
0.5731696850055789,0.6666666666666666,702758.663108492,False,False
0.2866134523502989,0.33333333333333337,304251.971201053,False,True
0.7276628615569478,0.0,64297.4726543621,False,False
0.35996910136468974,0.9999999999999999,552757.488323901,False,True
0.5736274425657311,0.0,361717.213891999,False,False
0.15987182788315737,0.16666666666666666,388172.46571275,True,False
0.8272823505850714,0.0,492113.652941359,False,True
0.47526678682802626,0.8333333333333334,206002.846409417,True,False
0.4757817640831974,0.5,172625.447693044,False,True
0.6419191485709381,0.5,366791.907258436,False,False
0.2548279117672303,0.5,472243.496931778,False,True
0.5106571681972935,0.9999999999999999,302575.031975538,True,False
0.6779961662804337,0.0,281410.549964837,False,False
0.33058678797242014,0.5,488428.016345812,False,False
0.22521671959488457,0.0,526331.475770647,False,True
0.5866163133350498,0.0,635270.791452217,False,True
0.9816324778988927,0.5,85591.295002121,False,True
0.13918690813377962,0.33333333333333337,585382.028437704,False,True
0.5041913426601436,0.6666666666666666,630490.051365705,False,False
0.3460074957800474,0.6666666666666666,158290.198827074,False,True
0.19254427373902097,0.8333333333333334,577635.77255895,True,False
0.9145423854890853,0.8333333333333334,702120.222231015,False,False
0.46359396904414496,0.5,54166.898095332,True,False
0.981260549881269,0.0,78329.5349611321,False,True
0.5302549137413097,0.6666666666666666,681907.799262485,True,False
0.5796927302377478,0.8333333333333334,730065.394552473,False,False
0.3435470488942294,0.8333333333333334,619867.912892278,False,True
0.10542728807255458,0.6666666666666666,285239.797230262,True,False
0.4773266958487111,0.5,215141.861123201,False,True
0.02540554458844735,0.16666666666666666,341253.824285812,False,False
0.9386604869396045,0.6666666666666666,604491.750327298,False,False
0.4323234057162475,0.33333333333333337,635958.380094477,False,True
0.16187451720882326,0.33333333333333337,625204.35082539,False,False
0.2440133894086344,0.6666666666666666,663000.10114319,False,True
0.9939347123279834,0.0,353671.843336448,False,False
0.7204531799845507,0.8333333333333334,673555.3462551,False,False
0.029325093697250587,0.16666666666666666,722355.957730601,False,False
0.9370297256315623,0.5,325813.107253648,False,True
0.1436500443452636,0.8333333333333334,174179.607322299,False,False
0.3533316167424827,0.5,311335.863416977,True,False
0.07427116413469514,0.6666666666666666,56456.1287037043,False,True
0.533888364375018,0.33333333333333337,451184.546306444,False,False
0.37301519182902754,0.8333333333333334,359958.755689546,False,True
0.27227991874803303,0.16666666666666666,236847.55270074,False,True
0.09750236031241952,0.8333333333333334,575037.413042064,False,False
0.8842731668240207,0.0,158504.480869263,False,False
0.6604011100620834,0.6666666666666666,726815.476176538,True,False
0.08634451978370955,0.8333333333333334,719957.348142552,True,False
0.13864332103109886,0.5,641711.109821772,True,False
0.6989957943524161,0.16666666666666666,423155.767565146,False,True
0.8503418876777387,0.5,140013.26259686,False,True
0.296998826996252,0.8333333333333334,494331.195269781,False,False
0.3312734243126484,0.33333333333333337,199891.46973904,False,True
0.8861041970646297,0.33333333333333337,458427.096008995,False,True
0.7703201441936314,0.0,247627.85456721,True,False
0.2749692444139272,0.5,184698.682193872,False,True
0.4573284124395617,0.33333333333333337,448264.530944118,True,False
0.5769461848768346,0.8333333333333334,505064.352959378,False,True
0.527708637312963,0.33333333333333337,462581.077997268,False,False
0.31982948530884325,0.5,697052.685397363,True,False
0.549795439590307,0.33333333333333337,128550.040263608,False,True
0.7444854518925414,0.9999999999999999,386586.113174667,False,True
0.06085314565273364,0.5,556068.308776165,False,False
0.3053242926215203,0.8333333333333334,404491.020166902,False,True
0.14845649872686176,0.5,574091.033299849,False,True
0.9539381455096845,0.33333333333333337,379908.506296911,False,True
0.884673704689154,0.16666666666666666,440066.931256086,False,True
0.4275455611821588,0.0,627001.505069755,False,False
0.014762681314908571,0.33333333333333337,219083.285550746,False,True
0.3652047034589305,0.0,183676.87134631,False,True
0.22404371584699448,0.0,384052.02093631,False,True
0.39507338425886185,0.16666666666666666,535373.954445082,False,False
0.5211855920807942,0.0,237218.101492054,False,False
0.7332131719737933,0.6666666666666666,642368.682824903,True,False
0.030269218665064518,0.6666666666666666,224812.862364457,True,False
0.2626670099848367,0.9999999999999999,223495.056183053,True,False
0.03587674877692901,0.8333333333333334,242978.243876972,True,False
0.8627013418018481,0.16666666666666666,267009.087092822,False,True
0.9850370497525247,0.8333333333333334,716428.778644069,True,False
0.8686807999313364,0.5,640318.76626608,False,True
0.4324664549537951,0.33333333333333337,62235.2068423373,True,False
0.1282007266901267,0.8333333333333334,56350.4772497992,False,False
0.23611707149600888,0.8333333333333334,550356.249884556,False,True
0.3099876977655709,0.0,172627.38865434,False,True
0.6973650330443738,0.6666666666666666,669063.634497015,False,True
0.016650931250536433,0.6666666666666666,57307.3056342375,True,False
0.1198180413698395,0.8333333333333334,165149.029611037,True,False
0.6353388836437501,0.9999999999999999,710471.204668212,False,True
0.6862930220581924,0.6666666666666666,471019.428377022,True,False
0.45335164363573943,0.0,512172.755518537,False,False
0.40886333075844705,0.0,302991.456714768,False,True
0.45400967012845816,0.33333333333333337,59968.7889646806,False,True
0.421251394730066,0.6666666666666666,249008.331891896,True,False
0.4161016221783538,0.0,84642.6747410919,False,True
0.39430091837610504,0.0,502204.902641831,True,False
0.8510571338654764,0.33333333333333337,517232.791652325,False,False
0.5919663548193288,0.0,223599.14017061,False,False
0.12173490115297683,0.5,572184.693008084,False,True
0.5863016050124452,0.6666666666666666,215071.128079767,False,True
0.241810431150402,0.5,412445.090121966,True,False
0.13369381741195316,0.5,720714.176836387,False,False
0.8972048178983205,0.33333333333333337,496807.484053427,True,False
0.5583783938431608,0.16666666666666666,534408.952560055,False,True
0.1841901982662432,0.8333333333333334,200411.16498813,True,False
0.4924040854862244,0.33333333333333337,343986.177268334,False,False
0.5731982948530884,0.6666666666666666,278737.34639917,False,False
0.9775984894000513,0.33333333333333337,303920.136086169,False,False
0.3947300660887477,0.6666666666666666,406430.020868961,False,False
0.5657311246531056,0.6666666666666666,716006.242962721,False,True
0.22292793179412354,0.33333333333333337,241535.734913052,False,False
0.3007181071724887,0.33333333333333337,91506.8296983041,True,False
0.638342917632249,0.33333333333333337,603633.359302682,False,True
0.17328984636511888,0.0,595659.106318317,False,False
0.32552284496323636,0.5,716615.465978277,False,False
0.9294481160415415,0.5,163121.495779296,False,False
0.494835922524533,0.5,293099.698854961,False,False
0.3822275627270907,0.8333333333333334,748895.846071254,False,False
0.48393557062340853,0.6666666666666666,746433.619788437,False,True
0.9979973106743341,0.6666666666666666,672675.176819779,True,False
0.2281349240408548,0.33333333333333337,401305.221289545,True,False
0.5146053271536063,0.0,165010.930940375,True,False
0.0878036220066947,0.33333333333333337,719826.700913581,True,False
0.25734557834806737,0.9999999999999999,485269.391897688,False,True
0.9741366978514003,0.5,610072.623698019,False,True
0.6352530541012216,0.5,219864.003544584,False,False
0.22721940892055045,0.8333333333333334,412632.664841753,False,True
0.34560695791491425,0.33333333333333337,333834.433453596,False,True
0.17503504706319914,0.5,505506.697598795,False,False
0.9135410408262523,0.8333333333333334,144275.574171246,True,False
0.2702772294223672,0.0,573503.849467705,False,True
0.6636626326781678,0.9999999999999999,154237.384712398,False,True
0.746144823048093,0.5,229194.142111494,False,False
0.7433124481446514,0.0,541772.316749727,True,False
0.40780476640059504,0.0,724749.06944408,True,False
0.18238777787314395,0.6666666666666666,357812.226211815,False,False
0.1730895774325523,0.33333333333333337,264393.338795569,True,False
0.7886304465997195,0.9999999999999999,548700.193284019,False,True
0.3279546820015449,0.5,119690.546965324,False,True
0.929362286499013,0.0,282558.893264521,True,False
0.1396160558464223,0.6666666666666666,674976.206320382,False,False
0.38011043401138667,0.9999999999999999,74096.8753671572,False,False
0.18513432323405712,0.5,423907.595412258,False,False
0.7205390095270792,0.9999999999999999,390945.715715952,False,False
0.9160587074070894,0.8333333333333334,547703.724025611,False,False
0.12874431379280746,0.8333333333333334,427396.45360537,False,True
0.19448974336966782,0.33333333333333337,177151.608420459,False,False
0.8732011558378394,0.33333333333333337,376990.175654998,False,False
0.21843618573513005,0.5,623450.884068476,True,False
0.9466998540897775,0.8333333333333334,263191.978742291,False,False
0.09518496266414897,0.8333333333333334,498614.10110355,True,False
0.573341344090636,0.5,405662.572099277,False,True
0.7551283151660801,0.8333333333333334,680882.426976147,False,False
0.7343003461791549,0.6666666666666666,518592.752180164,False,False
0.6458100878322318,0.8333333333333334,591807.009720229,True,False
0.6266700998483677,0.16666666666666666,683622.426088683,True,False
0.9840643149372015,0.8333333333333334,461632.290650044,False,True
0.564415071667668,0.5,623176.462411635,True,False
0.0748433610848854,0.5,537661.174304433,False,False
0.9311074871970932,0.33333333333333337,622125.878044444,False,False
0.3765342030726976,0.9999999999999999,178860.573234472,False,False
0.5895345177810203,0.33333333333333337,472645.955025455,False,True
0.015506537350155919,0.6666666666666666,179662.995406029,True,False
0.2040740422853546,0.9999999999999999,360579.181707232,False,True
0.1138958029353703,0.5,648402.266087917,True,False
0.950447744113524,0.0,309054.717287008,False,False
0.022544559837496064,0.0,62213.6237387584,False,True
0.15469344548393557,0.8333333333333334,85489.6738773976,False,False
0.07407089520212856,0.9999999999999999,721483.009732942,False,True
0.2406374274025119,0.9999999999999999,396999.706595884,True,False
0.8069121391582982,0.0,94138.2503545399,False,False
0.7552141447086087,0.0,287670.550526647,False,True
0.9266157411380997,0.8333333333333334,251713.155947863,False,False
0.19082768288845017,0.9999999999999999,696782.541337131,False,True
0.046233513575372615,0.0,302502.405633695,False,False
0.7147026006351386,0.33333333333333337,463434.345310292,False,True
0.4645094841644495,0.0,167097.387217973,True,False
0.8924269733642318,0.0,508385.466970879,True,False
0.3287557577318112,0.5,589456.486520688,True,False
0.41318341773238354,0.0,486003.812517229,False,True
0.787486052699339,0.9999999999999999,736851.00548863,False,False
0.4969244413927273,0.9999999999999999,150583.945831269,True,False
0.7788744885989757,0.6666666666666666,255261.267575138,False,True
0.8131204760678625,0.5,241800.921810258,True,False
0.556490143907533,0.16666666666666666,377180.883740767,False,False
0.5159785998340628,0.0,286334.771702208,False,False
0.3238062541126655,0.8333333333333334,252288.405678382,False,True
0.9108231053128486,0.6666666666666666,674425.137077619,True,False
0.44631362114839923,0.16666666666666666,456457.822604769,True,False
0.15409263868623577,0.5,297176.038842349,True,False
0.19426086458959171,0.6666666666666666,721084.810966397,False,False
0.7226847480902926,0.16666666666666666,489497.988422921,False,True
0.12622664721197033,0.8333333333333334,696045.27557402,True,False
0.00326152261608445,0.8333333333333334,255720.990638761,False,False
0.9810030612536835,0.6666666666666666,291860.379670634,False,True
0.43252367464881414,0.9999999999999999,125743.928251663,False,False
0.3234915457900609,0.9999999999999999,635571.572228529,False,False
0.16376276714445107,0.8333333333333334,107428.402904469,False,True
0.8580379366577977,0.6666666666666666,330474.933969372,False,True
0.22544559837496067,0.16666666666666666,590196.26681067,False,False
0.6960203702114267,0.16666666666666666,465236.300525506,True,False
0.20925242468457636,0.8333333333333334,204290.521688315,True,False
0.34964094641375554,0.5,156342.552483227,True,False
0.23706119646382282,0.8333333333333334,84444.2150741373,False,False
0.7690040912081938,0.8333333333333334,629458.392702369,False,False
0.21895116299030123,0.16666666666666666,243821.616785298,False,False
0.7812777157897748,0.9999999999999999,672999.240727014,False,False
0.5428432466454953,0.16666666666666666,463226.862586368,True,False
0.18719423225474205,0.5,95869.5693276295,False,True
0.3983349068749463,0.6666666666666666,204977.900282727,False,True
0.8417303235773753,0.6666666666666666,69055.4308813176,True,False
0.014991560094984702,0.6666666666666666,542608.048024405,False,False
0.7413669785140045,0.8333333333333334,142405.251201841,False,False
0.7735244471146968,0.0,660486.925475261,True,False
0.35218722284210224,0.8333333333333334,742970.080357003,True,False
0.5103424598746888,0.33333333333333337,261113.819694125,False,True
0.40694647097530967,0.6666666666666666,475397.280248034,False,False
0.4566131662518238,0.16666666666666666,103983.001697421,False,True
0.8127199382027294,0.6666666666666666,116977.36823448,False,False
0.20338740594512625,0.5,399470.452596461,False,False
0.4102938231339227,0.33333333333333337,288091.923474485,True,False
0.44934626498440766,0.9999999999999999,636812.313334259,False,False
0.329356564529511,0.5,708019.994071897,False,False
0.0849140274082339,0.33333333333333337,697264.72034256,False,False
0.19669270162790034,0.9999999999999999,231175.252113528,True,False
0.47223414299201794,0.5,142142.227976279,False,False
0.9907304094069178,0.0,473627.153553515,True,False
0.3516436357394215,0.0,640827.161564588,False,True
0.20521843618573513,0.9999999999999999,238002.777233808,False,True
0.08651617886876661,0.9999999999999999,172518.736561779,True,False
0.2551712299373444,0.16666666666666666,319991.530516326,False,True
0.044574142419820884,0.9999999999999999,699946.072602474,True,False
0.040511544073470074,0.9999999999999999,281870.207711415,False,True
0.6477555574628787,0.9999999999999999,163205.380520759,True,False
0.4821045403827998,0.0,107521.062629889,True,False
0.5077103539038137,0.8333333333333334,208326.126347801,False,False
0.8214745515406402,0.33333333333333337,301667.021395046,False,True
0.9091351243097874,0.33333333333333337,743914.141752521,False,False
0.5836408891940605,0.16666666666666666,676649.22029431,False,True
0.7629101936886676,0.8333333333333334,497155.614768096,True,False
0.9501902554859383,0.9999999999999999,713668.414235382,False,True
0.03164249134552111,0.9999999999999999,515908.523739107,True,False
0.06405744857379911,0.5,513796.157209877,False,False
0.09092209538523158,0.16666666666666666,217357.541847984,False,True
0.7121277143592825,0.5,674987.278712649,False,False
0.578033359082196,0.6666666666666666,98931.2719581594,False,False
0.5903928132063057,0.0,315578.324007091,True,False
0.15105999485022745,0.5,350858.624917266,True,False
0.22913626870368778,0.5,270576.371012735,False,False
0.2534832489342832,0.0,352790.870294535,False,True
0.09836065573770492,0.16666666666666666,98254.0790017604,False,False
0.07089520212857264,0.5,248704.752393086,False,False
0.2448144651389008,0.5,491248.539997381,False,True
0.09166595142047892,0.9999999999999999,570674.630270289,False,True
0.8574085200125883,0.16666666666666666,501704.967430406,False,False
0.4218235916802563,0.9999999999999999,492347.907136979,False,False
0.5653305867879723,0.0,319822.645038167,False,False
0.2676165136039824,0.5,692193.096923456,False,False
0.17440563041798982,0.0,213843.283558841,True,False
0.46299316224644516,0.8333333333333334,110414.416054108,False,False
0.47392212399507905,0.5,572184.907822505,False,True
0.2774296912997454,0.6666666666666666,527416.431733399,True,False
0.758418447629674,0.33333333333333337,562288.921415055,False,True
0.8925128029067606,0.8333333333333334,147202.207932796,False,False
0.7931508025062226,0.16666666666666666,633658.727278219,False,False
0.4113809973392841,0.33333333333333337,171567.1271797,True,False
0.06285583497839956,0.33333333333333337,333869.3615861,True,False
0.8304008239636081,0.9999999999999999,634980.86822715,False,True
0.32234715188968044,0.5,241746.121332961,False,True
0.10067805338597544,0.33333333333333337,468773.933803705,True,False
0.20999628071982376,0.33333333333333337,638914.243589914,False,False
0.4646811432495065,0.6666666666666666,431478.423370811,False,True
0.4109232397791319,0.8333333333333334,441142.99634613,False,False
0.3942723085285955,0.5,451117.331217298,False,True
0.932881297742683,0.6666666666666666,515897.862463662,False,False
0.5827253740737561,0.8333333333333334,377488.603234516,False,True
0.9935341744628501,0.9999999999999999,246595.879247269,True,False
0.8795811518324606,0.8333333333333334,211386.964257029,False,True
0.19022687609075037,0.5,699158.679470927,False,False
0.953308728864475,0.8333333333333334,211522.481868932,False,False
0.5487082653849454,0.8333333333333334,630126.990152779,True,False
0.7093525591508597,0.33333333333333337,532191.835248821,False,False
0.6417188796383715,0.9999999999999999,380160.358755772,True,False
0.08288272823505849,0.16666666666666666,491801.973240311,False,False
0.7543844591308327,0.6666666666666666,142211.108442276,True,False
0.5115154636225788,0.5,506520.632410959,False,True
0.11821588990930679,0.16666666666666666,694722.418241545,False,True
0.9595170657740393,0.33333333333333337,593295.581880323,False,True
0.38094011958916263,0.8333333333333334,585556.427878006,False,False
0.5017881154693445,0.0,107590.798085516,False,True
0.38969473292707346,0.9999999999999999,132322.510085852,True,False
0.08311160701513462,0.6666666666666666,195783.782772999,True,False
0.27156467256029526,0.33333333333333337,575471.38648548,True,False
0.03553343060681485,0.33333333333333337,404449.975488715,False,False
0.4138700540726118,0.8333333333333334,396140.025401011,False,False
0.4986982519383172,0.33333333333333337,720239.354437824,False,False
0.8211884530655451,0.5,53920.5360874131,True,False
0.044888850742425546,0.6666666666666666,348825.883371946,False,False
0.7092667296083311,0.8333333333333334,147615.256139359,False,False
0.3852888164106085,0.8333333333333334,302967.06463917,True,False
0.2845249334821045,0.33333333333333337,89634.5829010898,False,True
0.8156667524962091,0.9999999999999999,420177.450508356,False,True
0.18645037621949476,0.0,228320.503911476,True,False
0.5795210711526908,0.0,568718.777645914,False,False
0.9419792292507081,0.0,729973.505835351,False,False
0.4560123594541241,0.5,163197.834184864,True,False
0.4980974451406174,0.9999999999999999,562129.065411343,True,False
0.7040597373615998,0.5,113891.337483275,True,False
0.380739850656596,0.6666666666666666,161284.792831882,False,False
0.15200411981804138,0.33333333333333337,98452.1563091947,False,True
0.5503390266929877,0.33333333333333337,75288.6501906374,True,False
0.7416816868366091,0.6666666666666666,196211.712597919,True,False
0.010356764798443607,0.5,711952.093965593,False,True
0.2672731954338683,0.33333333333333337,231253.275487987,False,False
0.5975452750836838,0.8333333333333334,309231.962092411,False,True
0.34843933281835604,0.8333333333333334,427302.131955877,False,False
0.08119474723199724,0.9999999999999999,98759.0074634184,True,False
0.700884044288044,0.16666666666666666,144113.041363569,False,True
0.0849140274082339,0.5,547183.608988067,False,False
0.13907246874374155,0.9999999999999999,283570.357195766,False,True
0.7131862787171344,0.8333333333333334,401043.783270704,True,False
0.9982834091494293,0.33333333333333337,51121.2866567707,False,True
0.81855634709467,0.8333333333333334,522826.462194329,False,True
0.07535833834005665,0.5,58156.7872352262,False,True
0.8990072382914198,0.5,674281.033501216,False,True
0.8049094498326324,0.33333333333333337,275014.769334971,False,True
0.7478328040511544,0.8333333333333334,80735.7304388096,True,False
0.7002260177953251,0.0,689964.463515185,True,False
0.947443710125025,0.8333333333333334,740947.814679829,True,False
0.6318770920950991,0.16666666666666666,399194.391837532,False,True
0.8302577747260607,0.16666666666666666,731376.669934778,True,False
0.8303436042685892,0.33333333333333337,333964.368399651,True,False
0.435813807112408,0.16666666666666666,510976.657518523,False,True
0.12325122307098099,0.33333333333333337,290438.788587506,False,False
0.6052413240637426,0.16666666666666666,225222.78181827,False,True
0.3215746860069235,0.8333333333333334,652957.93008363,True,False
0.15517981289159724,0.9999999999999999,312141.688622818,True,False
0.548622435842417,0.9999999999999999,629741.476573211,False,True
0.42894744371012505,0.9999999999999999,567897.585669021,True,False
0.546734185906789,0.6666666666666666,414303.424901415,False,False
0.5933396274997854,0.0,671942.879256619,False,True
0.05990902068491974,0.0,466234.310213758,False,False
0.6169999713901525,0.33333333333333337,469719.290900403,False,True
0.04062598346350815,0.0,449734.275887128,False,True
0.6593997653992504,0.33333333333333337,230737.140991722,True,False
0.48396418047091816,0.9999999999999999,320807.911677215,False,True
0.6433496409464138,0.9999999999999999,103966.034097194,True,False
0.22733384831058848,0.9999999999999999,78485.7426338493,True,False
0.5708808972048178,0.16666666666666666,92607.8431950628,False,False
0.8092867565015879,0.6666666666666666,351381.076931151,False,False
0.5155208422739106,0.9999999999999999,163318.637523747,False,False
0.8926844619918175,0.5,422346.3246695,False,False
0.5983177409664406,0.0,403033.986355676,True,False
0.259949074471433,0.8333333333333334,657321.514862142,False,False
0.5546018939719051,0.6666666666666666,651381.392044684,True,False
0.02646410894629933,0.16666666666666666,604909.334733653,True,False
0.8077418247360741,0.9999999999999999,401054.814805993,False,False
0.9388035361771521,0.0,424689.425322742,False,False
0.5322289932194662,0.33333333333333337,698391.909268115,True,False
0.4666266128801533,0.6666666666666666,183960.705263478,False,True
0.0748433610848854,0.16666666666666666,653630.881909271,False,True
0.0023173976482705194,0.16666666666666666,375059.631865428,False,False
0.1894544102079936,0.9999999999999999,624378.318242287,False,False
0.43032071639058156,0.0,64639.2143886192,False,True
0.587846536777959,0.6666666666666666,588870.696490572,False,False
0.620490372786313,0.6666666666666666,716254.414059067,True,False
0.9619775126598575,0.5,429871.790867032,False,False
0.9929047578176406,0.33333333333333337,69869.9226737623,False,True
0.6788258518582095,0.0,234378.708237301,False,True
0.26286727891740336,0.9999999999999999,258254.66927825,True,False
0.7601064286327354,0.9999999999999999,591557.184797748,True,False
0.7381340657454295,0.9999999999999999,508204.643265863,True,False
0.058736016937029706,0.8333333333333334,539685.535407832,True,False
0.8131776957628816,0.9999999999999999,350273.759581861,False,False
0.6432065917088662,0.5,348710.633369305,False,False
0.9621205618974049,0.16666666666666666,271031.106246291,True,False
0.8687380196263552,0.9999999999999999,470195.690234673,True,False
0.5248190427145023,0.8333333333333334,588337.282090967,False,False
0.5622407232569451,0.6666666666666666,469899.76299092,False,True
0.20513260664320657,0.8333333333333334,449513.476975192,False,False
0.3533602265899922,0.8333333333333334,672044.232102964,True,False
0.1413040368494836,0.0,232780.185523019,False,True
0.0338454496037536,0.0,496191.741435068,False,False
0.553257231138958,0.0,652380.272435173,False,False
0.0692644408205304,0.5,460205.440922978,False,True
0.7549852659285325,0.16666666666666666,281458.292556923,True,False
0.37332990015163214,0.9999999999999999,485580.307283114,True,False
0.06952192944811605,0.8333333333333334,416632.486173822,False,True
0.03207163905816379,0.9999999999999999,161757.693719677,False,True
0.8821560381083169,0.9999999999999999,509525.419774373,True,False
0.4803021199897004,0.9999999999999999,286146.493381987,False,True
0.7034303207163906,0.5,436974.05018595,False,False
0.8236488999513631,0.5,726465.675377295,True,False
0.8435041341229651,0.9999999999999999,574263.190634846,False,False
0.5596372271335794,0.5,609415.762401089,False,False
0.739221239950791,0.33333333333333337,160134.224090469,True,False
0.31579549681000196,0.33333333333333337,568578.610001541,False,True
0.914199067318971,0.0,636262.670184674,False,False
0.7086087031156123,0.6666666666666666,684347.917764809,False,True
0.7383629445255057,0.6666666666666666,713794.464375704,True,False
0.16227505507395648,0.5,251844.610540782,False,True
0.15824106657511514,0.9999999999999999,120610.616051646,True,False
0.9543386833748175,0.0,621384.712524154,False,True
0.31679684147283493,0.16666666666666666,363225.383688345,False,True
0.026034961233656617,0.0,56549.4064573848,False,True
0.6688982347724086,0.6666666666666666,72185.803723897,False,False
0.4465424999284754,0.0,193020.509622331,True,False
0.10662890166795408,0.8333333333333334,462133.865808942,False,True
0.43315309129402335,0.6666666666666666,158354.645930393,False,False
0.09283895516836896,0.6666666666666666,283749.096045893,False,False
0.6734472005264212,0.8333333333333334,579602.812015831,False,False
0.949446399450691,0.8333333333333334,323640.522141935,True,False
0.21354390181100327,0.8333333333333334,117479.11887269,False,True
0.32806912139158295,0.0,517077.571502367,False,True
0.3726432638114039,0.5,416274.301253693,False,False
0.6608588676222356,0.0,291664.048677189,True,False
0.7495780047492346,0.9999999999999999,657514.911501151,True,False
0.925242468457643,0.33333333333333337,521782.698668303,True,False
0.3682659571424485,0.0,460533.573842629,False,True
0.22427259462707058,0.16666666666666666,617009.288753283,False,False
0.9382313392269619,0.16666666666666666,273184.208575904,True,False
0.1974079478156381,0.6666666666666666,600545.745641108,False,False
0.3854318656481561,0.9999999999999999,172584.481793899,True,False
0.45086258690241177,0.16666666666666666,202946.106245537,True,False
0.4702600635138615,0.0,720292.064904957,False,False
0.7015706806282722,0.0,274556.139497802,False,False
0.0293823133922696,0.0,83925.4918750464,False,True
0.35865304837925216,0.5,206940.289785067,False,False
0.990301261694275,0.33333333333333337,731974.804093644,False,False
0.5984607902039882,0.5,720682.106789298,False,True
0.9487025434154435,0.6666666666666666,460676.95911359,False,False
0.5159213801390439,0.5,247634.526055508,True,False
0.9123680370783622,0.33333333333333337,288097.328599952,True,False
0.7879152004119817,0.16666666666666666,530922.749590838,True,False
0.6969644951792408,0.8333333333333334,363578.332143822,True,False
0.17866849769690726,0.16666666666666666,543175.181121466,True,False
0.65178954596172,0.33333333333333337,582771.310439903,True,False
0.5871599004377306,0.9999999999999999,384832.214027912,True,False
0.7525820387377334,0.33333333333333337,709311.922538001,False,False
0.895059079335107,0.8333333333333334,685765.326156298,True,False
0.0858581523760478,0.8333333333333334,529610.958337641,False,False
0.19157153892369752,0.16666666666666666,351133.279625472,False,True
0.8398420736417473,0.33333333333333337,679599.66091773,False,True
0.5752009841787542,0.0,57390.8619925785,False,True
0.1066575115154636,0.6666666666666666,674936.110049517,True,False
0.3040368494835922,0.8333333333333334,569365.561317315,True,False
0.05272794896003202,0.16666666666666666,102778.555996427,False,False
0.3305581781249105,0.0,527432.283308823,False,True
0.16768231625325433,0.8333333333333334,196697.719393863,True,False
0.5170371641919148,0.16666666666666666,461109.872227092,False,True
0.15838411581266268,0.8333333333333334,528274.651100719,False,True
0.30787056904986687,0.33333333333333337,729467.774065922,True,False
0.01473407146739908,0.16666666666666666,188100.06862123,True,False
0.11478270820816525,0.9999999999999999,636587.335481634,False,False
0.7554716333361944,0.6666666666666666,267916.226398374,False,True
0.7143020627700054,0.0,471601.849984101,False,True
0.39235544874545814,0.9999999999999999,478888.546713243,False,False
0.39132549423511576,0.8333333333333334,709967.433206212,False,True
0.30243469802305945,0.8333333333333334,588137.299271055,False,True
0.49111664234829633,0.0,524513.477257329,False,False
0.9221812147741253,0.9999999999999999,113036.719359404,False,True
0.5546018939719051,0.8333333333333334,454841.576807497,False,True
0.1132949961376706,0.16666666666666666,155370.422251798,False,False
0.05710525562898747,0.16666666666666666,133047.915845532,False,True
0.9983692386919578,0.0,72314.7382458089,False,False
0.8260235172946528,0.16666666666666666,188083.560497349,False,False
